pid,date,week_in,dow_mod,holiday_mod,stand_mod,calendar_week_mod,work_orig_mod,recall_reliable_mod,work1_mod,work1_week_mod,work1_wkly2_mod,in_sample_mod,attend_week_mod,attend_nadj_mod,dow_orig,holiday_orig,stand_orig,calendar_week_orig,work1_orig,recall_length_orig,work_recall_mode_orig,work_recall_mode_any1_orig,grid_recall_anyinwk_orig,work1_week_orig,work1_wkly2_orig,in_sample_orig,attend_week_orig,attend_nadj_orig,day_present
147.0,2022-06-06,5.0,1.0,0.0,1.0,23.0,1.0,1.0,1.0,,4.0,False,,,1.0,0.0,1.0,23.0,1.0,1.0,1.0,1,1,,1.0,False,,,both
147.0,2022-06-07,5.0,2.0,0.0,1.0,23.0,1.0,1.0,1.0,7,4.0,True,6,2.0,2.0,0.0,1.0,23.0,1.0,,1.0,1,1,7,1.0,True,6,2.0,both
147.0,2022-06-08,5.0,3.0,0.0,1.0,23.0,1.0,1.0,1.0,,4.0,False,,,3.0,0.0,1.0,23.0,1.0,,1.0,1,1,,1.0,False,,,both
147.0,2022-06-09,5.0,4.0,0.0,1.0,23.0,0.0,1.0,0.0,,4.0,False,,,4.0,0.0,1.0,23.0,0.0,7.0,2.0,1,1,,1.0,False,,,both
147.0,2022-06-10,5.0,5.0,0.0,1.0,23.0,0.0,1.0,0.0,,4.0,False,,,5.0,0.0,1.0,23.0,0.0,6.0,2.0,1,1,,1.0,False,,,both
147.0,2022-06-11,5.0,6.0,0.0,1.0,23.0,0.0,1.0,0.0,,4.0,False,,,6.0,0.0,1.0,23.0,0.0,5.0,2.0,1,1,,1.0,False,,,both
147.0,2022-06-12,5.0,0.0,0.0,1.0,23.0,1.0,1.0,1.0,,4.0,False,,,0.0,0.0,1.0,23.0,1.0,4.0,2.0,1,1,,1.0,False,,,both
147.0,2022-06-13,6.0,1.0,0.0,1.0,24.0,0.0,1.0,0.0,,1.0,False,,,1.0,0.0,1.0,24.0,1.0,3.0,2.0,1,1,,0.0,False,,,both
147.0,2022-06-14,6.0,2.0,0.0,1.0,24.0,1.0,1.0,1.0,7,1.0,True,6,1.0,2.0,0.0,1.0,24.0,0.0,2.0,2.0,1,1,7,0.0,True,6,1.0,both
147.0,2022-06-15,6.0,3.0,0.0,1.0,24.0,0.0,1.0,0.0,,1.0,False,,,3.0,0.0,1.0,24.0,0.0,1.0,1.0,1,1,,0.0,False,,,both
147.0,2022-06-16,6.0,4.0,0.0,1.0,24.0,0.0,0.0,0.0,,1.0,False,,,4.0,0.0,1.0,24.0,0.0,4.0,2.0,1,1,,0.0,False,,,both
147.0,2022-06-17,6.0,5.0,0.0,1.0,24.0,0.0,0.0,0.0,,1.0,False,,,5.0,0.0,1.0,24.0,0.0,3.0,2.0,1,1,,0.0,False,,,both
147.0,2022-06-18,6.0,6.0,0.0,1.0,24.0,0.0,0.0,0.0,,1.0,False,,,6.0,0.0,1.0,24.0,0.0,2.0,2.0,1,1,,0.0,False,,,both
147.0,2022-06-19,6.0,0.0,0.0,1.0,24.0,0.0,0.0,0.0,,1.0,False,,,0.0,0.0,1.0,24.0,0.0,1.0,2.0,1,1,,0.0,False,,,both
151.0,2022-06-06,5.0,1.0,0.0,1.0,23.0,1.0,1.0,1.0,,4.0,False,,,1.0,0.0,1.0,23.0,1.0,1.0,1.0,1,1,,3.0,False,,,both
151.0,2022-06-07,5.0,2.0,0.0,1.0,23.0,1.0,1.0,1.0,7,4.0,True,6,5.0,2.0,0.0,1.0,23.0,1.0,1.0,1.0,1,1,7,3.0,True,6,5.0,both
151.0,2022-06-08,5.0,3.0,0.0,1.0,23.0,1.0,1.0,1.0,,4.0,False,,,3.0,0.0,1.0,23.0,1.0,1.0,2.0,1,1,,3.0,False,,,both
151.0,2022-06-09,5.0,4.0,0.0,1.0,23.0,1.0,1.0,1.0,,4.0,False,,,4.0,0.0,1.0,23.0,1.0,7.0,1.0,1,1,,3.0,False,,,both
151.0,2022-06-10,5.0,5.0,0.0,1.0,23.0,0.0,0.0,0.0,,4.0,False,,,5.0,0.0,1.0,23.0,0.0,6.0,2.0,1,1,,3.0,False,,,both
151.0,2022-06-11,5.0,6.0,0.0,1.0,23.0,0.0,0.0,0.0,,4.0,False,,,6.0,0.0,1.0,23.0,0.0,5.0,2.0,1,1,,3.0,False,,,both
151.0,2022-06-12,5.0,0.0,0.0,1.0,23.0,0.0,0.0,0.0,,4.0,False,,,0.0,0.0,1.0,23.0,0.0,4.0,2.0,1,1,,3.0,False,,,both
174.0,2022-05-30,3.0,1.0,0.0,1.0,22.0,,,,,4.0,False,,,1.0,0.0,1.0,22.0,,,3.0,1,0,,,False,,,both
174.0,2022-05-31,3.0,2.0,0.0,1.0,22.0,,,,4,4.0,True,6,0.0,2.0,0.0,1.0,22.0,,,3.0,1,0,4,,False,6,0.0,both
174.0,2022-06-01,3.0,3.0,0.0,1.0,22.0,,,,,4.0,False,,,3.0,0.0,1.0,22.0,,,3.0,1,0,,,False,,,both
174.0,2022-06-02,3.0,4.0,0.0,1.0,22.0,1.0,1.0,1.0,,4.0,False,,,4.0,0.0,1.0,22.0,1.0,,1.0,1,0,,,False,,,both
174.0,2022-06-03,3.0,5.0,0.0,1.0,22.0,1.0,1.0,1.0,,4.0,False,,,5.0,0.0,1.0,22.0,1.0,,1.0,1,0,,,False,,,both
174.0,2022-06-04,3.0,6.0,0.0,1.0,22.0,1.0,1.0,1.0,,4.0,False,,,6.0,0.0,1.0,22.0,1.0,,1.0,1,0,,,False,,,both
174.0,2022-06-05,3.0,0.0,0.0,1.0,22.0,1.0,1.0,1.0,,4.0,False,,,0.0,0.0,1.0,22.0,1.0,,1.0,1,0,,,False,,,both
174.0,2022-06-06,4.0,1.0,0.0,1.0,23.0,1.0,1.0,1.0,,6.0,False,,,1.0,0.0,1.0,23.0,1.0,,1.0,1,1,,1.0,False,,,both
174.0,2022-06-07,4.0,2.0,0.0,1.0,23.0,1.0,1.0,1.0,7,6.0,True,6,3.0,2.0,0.0,1.0,23.0,1.0,,1.0,1,1,7,1.0,True,6,3.0,both
174.0,2022-06-08,4.0,3.0,0.0,1.0,23.0,1.0,1.0,1.0,,6.0,False,,,3.0,0.0,1.0,23.0,1.0,,1.0,1,1,,1.0,False,,,both
174.0,2022-06-09,4.0,4.0,0.0,1.0,23.0,1.0,1.0,1.0,,6.0,False,,,4.0,0.0,1.0,23.0,1.0,,1.0,1,1,,1.0,False,,,both
174.0,2022-06-10,4.0,5.0,0.0,1.0,23.0,1.0,1.0,1.0,,6.0,False,,,5.0,0.0,1.0,23.0,1.0,,1.0,1,1,,1.0,False,,,both
174.0,2022-06-11,4.0,6.0,0.0,1.0,23.0,1.0,1.0,1.0,,6.0,False,,,6.0,0.0,1.0,23.0,1.0,3.0,1.0,1,1,,1.0,False,,,both
174.0,2022-06-12,4.0,0.0,0.0,1.0,23.0,0.0,1.0,0.0,,6.0,False,,,0.0,0.0,1.0,23.0,0.0,2.0,1.0,1,1,,1.0,False,,,both
197.0,2022-06-06,4.0,1.0,0.0,1.0,23.0,1.0,1.0,1.0,,4.0,False,,,1.0,0.0,1.0,23.0,1.0,1.0,1.0,1,1,,3.0,False,,,both
197.0,2022-06-07,4.0,2.0,0.0,1.0,23.0,1.0,1.0,1.0,7,4.0,True,6,2.0,2.0,0.0,1.0,23.0,1.0,,2.0,1,1,7,3.0,True,6,2.0,both
197.0,2022-06-08,4.0,3.0,0.0,1.0,23.0,1.0,1.0,1.0,,4.0,False,,,3.0,0.0,1.0,23.0,1.0,7.0,1.0,1,1,,3.0,False,,,both
197.0,2022-06-09,4.0,4.0,0.0,1.0,23.0,1.0,1.0,1.0,,4.0,False,,,4.0,0.0,1.0,23.0,1.0,6.0,1.0,1,1,,3.0,False,,,both
197.0,2022-06-10,4.0,5.0,0.0,1.0,23.0,0.0,0.0,0.0,,4.0,False,,,5.0,0.0,1.0,23.0,0.0,5.0,2.0,1,1,,3.0,False,,,both
197.0,2022-06-11,4.0,6.0,0.0,1.0,23.0,0.0,0.0,0.0,,4.0,False,,,6.0,0.0,1.0,23.0,0.0,4.0,2.0,1,1,,3.0,False,,,both
197.0,2022-06-12,4.0,0.0,0.0,1.0,23.0,0.0,0.0,0.0,,4.0,False,,,0.0,0.0,1.0,23.0,0.0,3.0,2.0,1,1,,3.0,False,,,both
217.0,2022-05-09,1.0,1.0,0.0,2.0,19.0,1.0,1.0,1.0,,5.0,False,,,1.0,0.0,2.0,19.0,1.0,1.0,1.0,1,1,,4.0,False,,,both
217.0,2022-05-10,1.0,2.0,0.0,2.0,19.0,0.0,1.0,0.0,7,5.0,True,6,5.0,2.0,0.0,2.0,19.0,0.0,1.0,1.0,1,1,7,4.0,True,6,5.0,both
217.0,2022-05-11,1.0,3.0,0.0,2.0,19.0,1.0,1.0,1.0,,5.0,False,,,3.0,0.0,2.0,19.0,1.0,,1.0,1,1,,4.0,False,,,both
217.0,2022-05-12,1.0,4.0,0.0,2.0,19.0,0.0,1.0,0.0,,5.0,False,,,4.0,0.0,2.0,19.0,0.0,7.0,1.0,1,1,,4.0,False,,,both
217.0,2022-05-13,1.0,5.0,0.0,2.0,19.0,1.0,1.0,1.0,,5.0,False,,,5.0,0.0,2.0,19.0,1.0,6.0,1.0,1,1,,4.0,False,,,both
217.0,2022-05-14,1.0,6.0,0.0,2.0,19.0,1.0,1.0,1.0,,5.0,False,,,6.0,0.0,2.0,19.0,1.0,5.0,1.0,1,1,,4.0,False,,,both
217.0,2022-05-15,1.0,0.0,0.0,2.0,19.0,1.0,1.0,1.0,,5.0,False,,,0.0,0.0,2.0,19.0,1.0,4.0,1.0,1,1,,4.0,False,,,both
217.0,2022-06-06,5.0,1.0,0.0,2.0,23.0,1.0,1.0,1.0,,5.0,False,,,1.0,0.0,2.0,23.0,1.0,1.0,1.0,1,1,,4.0,False,,,both
217.0,2022-06-07,5.0,2.0,0.0,2.0,23.0,1.0,1.0,1.0,7,5.0,True,6,2.0,2.0,0.0,2.0,23.0,1.0,,1.0,1,1,7,4.0,True,6,2.0,both
217.0,2022-06-08,5.0,3.0,0.0,2.0,23.0,1.0,1.0,1.0,,5.0,False,,,3.0,0.0,2.0,23.0,1.0,7.0,1.0,1,1,,4.0,False,,,both
217.0,2022-06-09,5.0,4.0,0.0,2.0,23.0,1.0,1.0,1.0,,5.0,False,,,4.0,0.0,2.0,23.0,1.0,6.0,1.0,1,1,,4.0,False,,,both
217.0,2022-06-10,5.0,5.0,0.0,2.0,23.0,1.0,1.0,1.0,,5.0,False,,,5.0,0.0,2.0,23.0,1.0,5.0,1.0,1,1,,4.0,False,,,both
217.0,2022-06-11,5.0,6.0,0.0,2.0,23.0,0.0,1.0,0.0,,5.0,False,,,6.0,0.0,2.0,23.0,0.0,4.0,1.0,1,1,,4.0,False,,,both
217.0,2022-06-12,5.0,0.0,0.0,2.0,23.0,0.0,1.0,0.0,,5.0,False,,,0.0,0.0,2.0,23.0,0.0,3.0,1.0,1,1,,4.0,False,,,both
225.0,2022-06-06,5.0,1.0,0.0,2.0,23.0,1.0,1.0,1.0,,4.0,False,,,1.0,0.0,2.0,23.0,1.0,1.0,1.0,1,1,,1.0,False,,,both
225.0,2022-06-07,5.0,2.0,0.0,2.0,23.0,1.0,1.0,1.0,6,4.0,True,6,2.0,2.0,0.0,2.0,23.0,1.0,,1.0,1,1,7,1.0,True,6,2.0,both
225.0,2022-06-08,5.0,3.0,0.0,2.0,23.0,1.0,1.0,1.0,,4.0,False,,,3.0,0.0,2.0,23.0,1.0,,1.0,1,1,,1.0,False,,,both
225.0,2022-06-09,5.0,4.0,0.0,2.0,23.0,1.0,1.0,1.0,,4.0,False,,,4.0,0.0,2.0,23.0,1.0,,1.0,1,1,,1.0,False,,,both
225.0,2022-06-10,5.0,5.0,0.0,2.0,23.0,,,0.0,,4.0,False,,,5.0,0.0,2.0,23.0,1.0,,1.0,1,1,,1.0,False,,,both
225.0,2022-06-11,5.0,6.0,0.0,2.0,23.0,,,0.0,,4.0,False,,,6.0,0.0,2.0,23.0,1.0,,1.0,1,1,,1.0,False,,,both
225.0,2022-06-12,5.0,0.0,0.0,2.0,23.0,,,,,4.0,False,,,0.0,0.0,2.0,23.0,1.0,,1.0,1,1,,1.0,False,,,both
229.0,2022-05-23,3.0,1.0,0.0,2.0,21.0,1.0,1.0,1.0,,7.0,False,,,1.0,0.0,2.0,21.0,1.0,2.0,1.0,1,1,,2.0,False,,,both
229.0,2022-05-24,3.0,2.0,0.0,2.0,21.0,1.0,1.0,1.0,7,7.0,True,6,2.0,2.0,0.0,2.0,21.0,1.0,1.0,1.0,1,1,7,2.0,True,6,2.0,both
229.0,2022-05-25,3.0,3.0,0.0,2.0,21.0,1.0,1.0,1.0,,7.0,False,,,3.0,0.0,2.0,21.0,1.0,,1.0,1,1,,2.0,False,,,both
229.0,2022-05-26,3.0,4.0,0.0,2.0,21.0,1.0,1.0,1.0,,7.0,False,,,4.0,0.0,2.0,21.0,1.0,,1.0,1,1,,2.0,False,,,both
229.0,2022-05-27,3.0,5.0,0.0,2.0,21.0,1.0,1.0,1.0,,7.0,False,,,5.0,0.0,2.0,21.0,1.0,,1.0,1,1,,2.0,False,,,both
229.0,2022-05-28,3.0,6.0,0.0,2.0,21.0,1.0,1.0,1.0,,7.0,False,,,6.0,0.0,2.0,21.0,1.0,,1.0,1,1,,2.0,False,,,both
229.0,2022-05-29,3.0,0.0,0.0,2.0,21.0,1.0,1.0,1.0,,7.0,False,,,0.0,0.0,2.0,21.0,1.0,,1.0,1,1,,2.0,False,,,both
229.0,2022-05-30,4.0,1.0,0.0,2.0,22.0,1.0,1.0,1.0,,5.0,False,,,1.0,0.0,2.0,22.0,1.0,,1.0,1,1,,4.0,False,,,both
229.0,2022-05-31,4.0,2.0,0.0,2.0,22.0,,,0.0,7,5.0,True,6,1.0,2.0,0.0,2.0,22.0,1.0,,1.0,1,1,7,4.0,True,6,1.0,both
229.0,2022-06-01,4.0,3.0,0.0,2.0,22.0,,,0.0,,5.0,False,,,3.0,0.0,2.0,22.0,1.0,,1.0,1,1,,4.0,False,,,both
229.0,2022-06-02,4.0,4.0,0.0,2.0,22.0,1.0,1.0,1.0,,5.0,False,,,4.0,0.0,2.0,22.0,1.0,7.0,1.0,1,1,,4.0,False,,,both
229.0,2022-06-03,4.0,5.0,0.0,2.0,22.0,1.0,1.0,1.0,,5.0,False,,,5.0,0.0,2.0,22.0,1.0,6.0,1.0,1,1,,4.0,False,,,both
229.0,2022-06-04,4.0,6.0,0.0,2.0,22.0,1.0,1.0,1.0,,5.0,False,,,6.0,0.0,2.0,22.0,1.0,5.0,1.0,1,1,,4.0,False,,,both
229.0,2022-06-05,4.0,0.0,0.0,2.0,22.0,1.0,1.0,1.0,,5.0,False,,,0.0,0.0,2.0,22.0,1.0,4.0,1.0,1,1,,4.0,False,,,both
230.0,2022-06-13,6.0,1.0,0.0,2.0,24.0,0.0,1.0,0.0,,1.0,False,,,1.0,0.0,2.0,24.0,0.0,5.0,1.0,1,1,,2.0,False,,,both
230.0,2022-06-14,6.0,2.0,0.0,2.0,24.0,0.0,1.0,0.0,7,1.0,True,6,1.0,2.0,0.0,2.0,24.0,0.0,4.0,1.0,1,1,7,2.0,True,6,1.0,both
230.0,2022-06-15,6.0,3.0,0.0,2.0,24.0,0.0,1.0,0.0,,1.0,False,,,3.0,0.0,2.0,24.0,0.0,3.0,1.0,1,1,,2.0,False,,,both
230.0,2022-06-16,6.0,4.0,0.0,2.0,24.0,0.0,1.0,0.0,,1.0,False,,,4.0,0.0,2.0,24.0,0.0,2.0,1.0,1,1,,2.0,False,,,both
230.0,2022-06-17,6.0,5.0,0.0,2.0,24.0,0.0,1.0,0.0,,1.0,False,,,5.0,0.0,2.0,24.0,1.0,1.0,1.0,1,1,,2.0,False,,,both
230.0,2022-06-18,6.0,6.0,0.0,2.0,24.0,1.0,1.0,1.0,,1.0,False,,,6.0,0.0,2.0,24.0,1.0,2.0,1.0,1,1,,2.0,False,,,both
230.0,2022-06-19,6.0,0.0,0.0,2.0,24.0,0.0,1.0,0.0,,1.0,False,,,0.0,0.0,2.0,24.0,0.0,1.0,1.0,1,1,,2.0,False,,,both
238.0,2022-06-20,7.0,1.0,0.0,2.0,25.0,0.0,1.0,0.0,,5.0,False,,,1.0,0.0,2.0,25.0,0.0,1.0,1.0,1,1,,3.0,False,,,both
238.0,2022-06-21,7.0,2.0,0.0,2.0,25.0,,,,6,5.0,True,6,3.0,2.0,0.0,2.0,25.0,,,3.0,1,1,6,3.0,True,6,3.0,both
238.0,2022-06-22,7.0,3.0,0.0,2.0,25.0,1.0,1.0,1.0,,5.0,False,,,3.0,0.0,2.0,25.0,1.0,3.0,2.0,1,1,,3.0,False,,,both
238.0,2022-06-23,7.0,4.0,0.0,2.0,25.0,1.0,1.0,1.0,,5.0,False,,,4.0,0.0,2.0,25.0,1.0,2.0,2.0,1,1,,3.0,False,,,both
238.0,2022-06-24,7.0,5.0,0.0,2.0,25.0,1.0,1.0,1.0,,5.0,False,,,5.0,0.0,2.0,25.0,1.0,1.0,1.0,1,1,,3.0,False,,,both
238.0,2022-06-25,7.0,6.0,0.0,2.0,25.0,1.0,1.0,1.0,,5.0,False,,,6.0,0.0,2.0,25.0,1.0,3.0,1.0,1,1,,3.0,False,,,both
238.0,2022-06-26,7.0,0.0,0.0,2.0,25.0,1.0,1.0,1.0,,5.0,False,,,0.0,0.0,2.0,25.0,1.0,2.0,1.0,1,1,,3.0,False,,,both
303.0,2022-05-16,1.0,1.0,0.0,3.0,20.0,1.0,0.0,1.0,,5.0,False,,,1.0,0.0,3.0,20.0,1.0,,1.0,1,1,,2.0,False,,,both
303.0,2022-05-17,1.0,2.0,0.0,3.0,20.0,1.0,1.0,1.0,7,5.0,True,6,1.0,2.0,0.0,3.0,20.0,1.0,7.0,2.0,1,1,7,2.0,True,6,1.0,both
303.0,2022-05-18,1.0,3.0,0.0,3.0,20.0,1.0,1.0,1.0,,5.0,False,,,3.0,0.0,3.0,20.0,1.0,6.0,2.0,1,1,,2.0,False,,,both
303.0,2022-05-19,1.0,4.0,0.0,3.0,20.0,1.0,1.0,1.0,,5.0,False,,,4.0,0.0,3.0,20.0,1.0,5.0,2.0,1,1,,2.0,False,,,both
303.0,2022-05-20,1.0,5.0,0.0,3.0,20.0,1.0,1.0,1.0,,5.0,False,,,5.0,0.0,3.0,20.0,1.0,4.0,1.0,1,1,,2.0,False,,,both
303.0,2022-05-21,1.0,6.0,0.0,3.0,20.0,1.0,1.0,1.0,,5.0,False,,,6.0,0.0,3.0,20.0,1.0,3.0,1.0,1,1,,2.0,False,,,both
303.0,2022-05-22,1.0,0.0,0.0,3.0,20.0,0.0,1.0,0.0,,5.0,False,,,0.0,0.0,3.0,20.0,0.0,2.0,1.0,1,1,,2.0,False,,,both
311.0,2022-06-06,4.0,1.0,0.0,3.0,23.0,1.0,1.0,1.0,,6.0,False,,,1.0,0.0,3.0,23.0,1.0,1.0,1.0,1,1,,4.0,False,,,both
311.0,2022-06-07,4.0,2.0,0.0,3.0,23.0,1.0,1.0,1.0,7,6.0,True,6,4.0,2.0,0.0,3.0,23.0,1.0,1.0,1.0,1,1,7,4.0,True,6,4.0,both
311.0,2022-06-08,4.0,3.0,0.0,3.0,23.0,1.0,1.0,1.0,,6.0,False,,,3.0,0.0,3.0,23.0,1.0,,1.0,1,1,,4.0,False,,,both
311.0,2022-06-09,4.0,4.0,0.0,3.0,23.0,1.0,1.0,1.0,,6.0,False,,,4.0,0.0,3.0,23.0,1.0,,1.0,1,1,,4.0,False,,,both
311.0,2022-06-10,4.0,5.0,0.0,3.0,23.0,1.0,1.0,1.0,,6.0,False,,,5.0,0.0,3.0,23.0,1.0,7.0,1.0,1,1,,4.0,False,,,both
311.0,2022-06-11,4.0,6.0,0.0,3.0,23.0,1.0,1.0,1.0,,6.0,False,,,6.0,0.0,3.0,23.0,1.0,6.0,1.0,1,1,,4.0,False,,,both
311.0,2022-06-12,4.0,0.0,0.0,3.0,23.0,0.0,1.0,0.0,,6.0,False,,,0.0,0.0,3.0,23.0,0.0,5.0,1.0,1,1,,4.0,False,,,both
537.0,2022-05-30,4.0,1.0,0.0,5.0,22.0,,,0.75,,0.0,False,,,1.0,0.0,5.0,22.0,1.0,,1.0,1,0,,,False,,,both
537.0,2022-05-31,4.0,2.0,0.0,5.0,22.0,,,0.75,7,0.0,True,6,1.0,2.0,0.0,5.0,22.0,1.0,,1.0,1,0,7,,False,6,1.0,both
537.0,2022-06-01,4.0,3.0,0.0,5.0,22.0,,,0.75,,0.0,False,,,3.0,0.0,5.0,22.0,1.0,,1.0,1,0,,,False,,,both
537.0,2022-06-02,4.0,4.0,0.0,5.0,22.0,,,0.75,,0.0,False,,,4.0,0.0,5.0,22.0,1.0,,1.0,1,0,,,False,,,both
537.0,2022-06-03,4.0,5.0,0.0,5.0,22.0,0.0,1.0,0.0,,0.0,False,,,5.0,0.0,5.0,22.0,0.0,,1.0,1,0,,,False,,,both
537.0,2022-06-04,4.0,6.0,0.0,5.0,22.0,0.0,1.0,0.0,,0.0,False,,,6.0,0.0,5.0,22.0,0.0,,1.0,1,0,,,False,,,both
537.0,2022-06-05,4.0,0.0,0.0,5.0,22.0,0.0,1.0,0.0,,0.0,False,,,0.0,0.0,5.0,22.0,0.0,,1.0,1,0,,,False,,,both
602.0,2022-06-13,1.0,1.0,0.0,6.0,24.0,1.0,1.0,1.0,,7.0,False,,,1.0,0.0,6.0,24.0,1.0,,1.0,1,1,,6.0,False,,,both
602.0,2022-06-14,1.0,2.0,0.0,6.0,24.0,1.0,1.0,1.0,7,7.0,True,6,6.0,2.0,0.0,6.0,24.0,1.0,1.0,1.0,1,1,7,6.0,True,6,6.0,both
602.0,2022-06-15,1.0,3.0,0.0,6.0,24.0,1.0,1.0,1.0,,7.0,False,,,3.0,0.0,6.0,24.0,1.0,1.0,1.0,1,1,,6.0,False,,,both
602.0,2022-06-16,1.0,4.0,0.0,6.0,24.0,1.0,1.0,1.0,,7.0,False,,,4.0,0.0,6.0,24.0,1.0,1.0,1.0,1,1,,6.0,False,,,both
602.0,2022-06-17,1.0,5.0,0.0,6.0,24.0,1.0,1.0,1.0,,7.0,False,,,5.0,0.0,6.0,24.0,1.0,1.0,1.0,1,1,,6.0,False,,,both
602.0,2022-06-18,1.0,6.0,0.0,6.0,24.0,1.0,1.0,1.0,,7.0,False,,,6.0,0.0,6.0,24.0,1.0,3.0,1.0,1,1,,6.0,False,,,both
602.0,2022-06-19,1.0,0.0,0.0,6.0,24.0,1.0,1.0,1.0,,7.0,False,,,0.0,0.0,6.0,24.0,1.0,2.0,1.0,1,1,,6.0,False,,,both
604.0,2022-06-13,1.0,1.0,0.0,6.0,24.0,0.0,0.0,0.0,,0.0,False,,,1.0,0.0,6.0,24.0,0.0,,2.0,1,0,,,False,,,both
604.0,2022-06-14,1.0,2.0,0.0,6.0,24.0,0.0,0.0,0.0,7,0.0,True,6,0.0,2.0,0.0,6.0,24.0,0.0,,2.0,1,0,7,,False,6,0.0,both
604.0,2022-06-15,1.0,3.0,0.0,6.0,24.0,0.0,0.0,0.0,,0.0,False,,,3.0,0.0,6.0,24.0,0.0,,2.0,1,0,,,False,,,both
604.0,2022-06-16,1.0,4.0,0.0,6.0,24.0,0.0,1.0,0.0,,0.0,False,,,4.0,0.0,6.0,24.0,0.0,,2.0,1,0,,,False,,,both
604.0,2022-06-17,1.0,5.0,0.0,6.0,24.0,0.0,1.0,0.0,,0.0,False,,,5.0,0.0,6.0,24.0,0.0,,1.0,1,0,,,False,,,both
604.0,2022-06-18,1.0,6.0,0.0,6.0,24.0,0.0,1.0,0.0,,0.0,False,,,6.0,0.0,6.0,24.0,0.0,,1.0,1,0,,,False,,,both
604.0,2022-06-19,1.0,0.0,0.0,6.0,24.0,0.0,1.0,0.0,,0.0,False,,,0.0,0.0,6.0,24.0,0.0,,1.0,1,0,,,False,,,both
604.0,2022-06-20,2.0,1.0,0.0,6.0,25.0,0.0,1.0,0.0,,2.0,False,,,1.0,0.0,6.0,25.0,0.0,,1.0,1,0,,,False,,,both
604.0,2022-06-21,2.0,2.0,0.0,6.0,25.0,1.0,1.0,1.0,6,2.0,True,6,1.0,2.0,0.0,6.0,25.0,1.0,,1.0,1,0,6,,False,6,1.0,both
604.0,2022-06-22,2.0,3.0,0.0,6.0,25.0,1.0,1.0,1.0,,2.0,False,,,3.0,0.0,6.0,25.0,1.0,,1.0,1,0,,,False,,,both
604.0,2022-06-23,2.0,4.0,0.0,6.0,25.0,,,,,2.0,False,,,4.0,0.0,6.0,25.0,,,3.0,1,0,,,False,,,both
604.0,2022-06-24,2.0,5.0,0.0,6.0,25.0,1.0,0.0,1.0,,2.0,False,,,5.0,0.0,6.0,25.0,1.0,,2.0,1,0,,,False,,,both
604.0,2022-06-25,2.0,6.0,0.0,6.0,25.0,1.0,0.0,1.0,,2.0,False,,,6.0,0.0,6.0,25.0,1.0,,2.0,1,0,,,False,,,both
604.0,2022-06-26,2.0,0.0,0.0,6.0,25.0,0.0,0.0,0.0,,2.0,False,,,0.0,0.0,6.0,25.0,0.0,,2.0,1,0,,,False,,,both
604.0,2022-06-27,3.0,1.0,0.0,6.0,26.0,1.0,0.0,1.0,,1.0,False,,,1.0,0.0,6.0,26.0,1.0,,2.0,1,0,,,False,,,both
604.0,2022-06-28,3.0,2.0,0.0,6.0,26.0,1.0,0.0,1.0,7,1.0,True,6,0.0,2.0,0.0,6.0,26.0,1.0,,2.0,1,0,7,,False,6,0.0,both
604.0,2022-06-29,3.0,3.0,0.0,6.0,26.0,0.0,1.0,0.0,,1.0,False,,,3.0,0.0,6.0,26.0,1.0,,2.0,1,0,,,False,,,both
604.0,2022-06-30,3.0,4.0,0.0,6.0,26.0,0.0,1.0,0.0,,1.0,False,,,4.0,0.0,6.0,26.0,1.0,,2.0,1,0,,,False,,,both
604.0,2022-07-01,3.0,5.0,0.0,6.0,26.0,1.0,1.0,1.0,,1.0,False,,,5.0,0.0,6.0,26.0,1.0,,1.0,1,0,,,False,,,both
604.0,2022-07-02,3.0,6.0,0.0,6.0,26.0,0.0,1.0,0.0,,1.0,False,,,6.0,0.0,6.0,26.0,0.0,,1.0,1,0,,,False,,,both
604.0,2022-07-03,3.0,0.0,0.0,6.0,26.0,0.0,1.0,0.0,,1.0,False,,,0.0,0.0,6.0,26.0,0.0,,1.0,1,0,,,False,,,both
604.0,2022-07-04,4.0,1.0,0.0,6.0,27.0,1.0,1.0,1.0,,3.0,False,,,1.0,0.0,6.0,27.0,1.0,,1.0,1,0,,,False,,,both
604.0,2022-07-05,4.0,2.0,0.0,6.0,27.0,1.0,1.0,1.0,7,3.0,True,6,2.0,2.0,0.0,6.0,27.0,1.0,,1.0,1,0,7,,False,6,2.0,both
604.0,2022-07-06,4.0,3.0,0.0,6.0,27.0,1.0,1.0,1.0,,3.0,False,,,3.0,0.0,6.0,27.0,1.0,,1.0,1,0,,,False,,,both
604.0,2022-07-07,4.0,4.0,0.0,6.0,27.0,0.0,0.0,0.0,,3.0,False,,,4.0,0.0,6.0,27.0,0.0,,2.0,1,0,,,False,,,both
604.0,2022-07-08,4.0,5.0,0.0,6.0,27.0,1.0,0.0,1.0,,3.0,False,,,5.0,0.0,6.0,27.0,1.0,,2.0,1,0,,,False,,,both
604.0,2022-07-09,4.0,6.0,0.0,6.0,27.0,1.0,0.0,1.0,,3.0,False,,,6.0,0.0,6.0,27.0,1.0,,2.0,1,0,,,False,,,both
604.0,2022-07-10,4.0,0.0,0.0,6.0,27.0,1.0,0.0,1.0,,3.0,False,,,0.0,0.0,6.0,27.0,1.0,,2.0,1,0,,,False,,,both
604.0,2022-07-18,6.0,1.0,0.0,6.0,29.0,1.0,0.0,1.0,,0.0,False,,,1.0,0.0,6.0,29.0,1.0,,2.0,0,0,,,False,,,both
604.0,2022-07-19,6.0,2.0,0.0,6.0,29.0,1.0,0.0,1.0,7,0.0,True,6,1.0,2.0,0.0,6.0,29.0,1.0,,2.0,0,0,7,,False,6,1.0,both
604.0,2022-07-20,6.0,3.0,0.0,6.0,29.0,1.0,0.0,1.0,,0.0,False,,,3.0,0.0,6.0,29.0,1.0,,2.0,0,0,,,False,,,both
604.0,2022-07-21,6.0,4.0,0.0,6.0,29.0,1.0,0.0,1.0,,0.0,False,,,4.0,0.0,6.0,29.0,1.0,,2.0,0,0,,,False,,,both
604.0,2022-07-22,6.0,5.0,0.0,6.0,29.0,1.0,0.0,1.0,,0.0,False,,,5.0,0.0,6.0,29.0,1.0,,2.0,0,0,,,False,,,both
604.0,2022-07-23,6.0,6.0,0.0,6.0,29.0,0.0,1.0,0.0,,0.0,False,,,6.0,0.0,6.0,29.0,1.0,,2.0,0,0,,,False,,,both
604.0,2022-07-24,6.0,0.0,0.0,6.0,29.0,0.0,1.0,0.0,,0.0,False,,,0.0,0.0,6.0,29.0,1.0,,2.0,0,0,,,False,,,both
604.0,2022-07-25,7.0,1.0,0.0,6.0,30.0,0.0,1.0,0.0,,1.0,False,,,1.0,0.0,6.0,30.0,1.0,,2.0,1,0,,,False,,,both
604.0,2022-07-26,7.0,2.0,0.0,6.0,30.0,0.0,1.0,0.0,7,1.0,True,6,1.0,2.0,0.0,6.0,30.0,1.0,,2.0,1,0,7,,False,6,1.0,both
604.0,2022-07-27,7.0,3.0,0.0,6.0,30.0,0.0,1.0,0.0,,1.0,False,,,3.0,0.0,6.0,30.0,1.0,,2.0,1,0,,,False,,,both
604.0,2022-07-28,7.0,4.0,0.0,6.0,30.0,0.0,1.0,0.0,,1.0,False,,,4.0,0.0,6.0,30.0,1.0,,2.0,1,0,,,False,,,both
604.0,2022-07-29,7.0,5.0,0.0,6.0,30.0,1.0,1.0,1.0,,1.0,False,,,5.0,0.0,6.0,30.0,1.0,,1.0,1,0,,,False,,,both
604.0,2022-07-30,7.0,6.0,0.0,6.0,30.0,1.0,0.0,1.0,,1.0,False,,,6.0,0.0,6.0,30.0,1.0,,2.0,1,0,,,False,,,both
604.0,2022-07-31,7.0,0.0,0.0,6.0,30.0,1.0,0.0,1.0,,1.0,False,,,0.0,0.0,6.0,30.0,1.0,,2.0,1,0,,,False,,,both
607.0,2022-06-13,1.0,1.0,0.0,6.0,24.0,1.0,1.0,1.0,,7.0,False,,,1.0,0.0,6.0,24.0,1.0,,1.0,1,1,,6.0,False,,,both
607.0,2022-06-14,1.0,2.0,0.0,6.0,24.0,1.0,1.0,1.0,7,7.0,True,6,1.0,2.0,0.0,6.0,24.0,1.0,7.0,1.0,1,1,7,6.0,True,6,1.0,both
607.0,2022-06-15,1.0,3.0,0.0,6.0,24.0,1.0,1.0,1.0,,7.0,False,,,3.0,0.0,6.0,24.0,1.0,6.0,1.0,1,1,,6.0,False,,,both
607.0,2022-06-16,1.0,4.0,0.0,6.0,24.0,1.0,1.0,1.0,,7.0,False,,,4.0,0.0,6.0,24.0,1.0,5.0,1.0,1,1,,6.0,False,,,both
607.0,2022-06-17,1.0,5.0,0.0,6.0,24.0,1.0,1.0,1.0,,7.0,False,,,5.0,0.0,6.0,24.0,1.0,4.0,1.0,1,1,,6.0,False,,,both
607.0,2022-06-18,1.0,6.0,0.0,6.0,24.0,1.0,1.0,1.0,,7.0,False,,,6.0,0.0,6.0,24.0,1.0,3.0,1.0,1,1,,6.0,False,,,both
607.0,2022-06-19,1.0,0.0,0.0,6.0,24.0,1.0,1.0,1.0,,7.0,False,,,0.0,0.0,6.0,24.0,1.0,2.0,1.0,1,1,,6.0,False,,,both
630.0,2022-06-13,1.0,1.0,0.0,6.0,24.0,0.0,1.0,0.0,,1.0,False,,,1.0,0.0,6.0,24.0,0.0,,1.0,1,1,,0.0,False,,,both
630.0,2022-06-14,1.0,2.0,0.0,6.0,24.0,0.0,1.0,0.0,7,1.0,True,6,2.0,2.0,0.0,6.0,24.0,0.0,,1.0,1,1,7,0.0,True,6,2.0,both
630.0,2022-06-15,1.0,3.0,0.0,6.0,24.0,0.0,1.0,0.0,,1.0,False,,,3.0,0.0,6.0,24.0,0.0,,1.0,1,1,,0.0,False,,,both
630.0,2022-06-16,1.0,4.0,0.0,6.0,24.0,0.0,1.0,0.0,,1.0,False,,,4.0,0.0,6.0,24.0,0.0,,1.0,1,1,,0.0,False,,,both
630.0,2022-06-17,1.0,5.0,0.0,6.0,24.0,1.0,1.0,1.0,,1.0,False,,,5.0,0.0,6.0,24.0,1.0,,1.0,1,1,,0.0,False,,,both
630.0,2022-06-18,1.0,6.0,0.0,6.0,24.0,0.0,1.0,0.0,,1.0,False,,,6.0,0.0,6.0,24.0,0.0,3.0,1.0,1,1,,0.0,False,,,both
630.0,2022-06-19,1.0,0.0,0.0,6.0,24.0,0.0,1.0,0.0,,1.0,False,,,0.0,0.0,6.0,24.0,0.0,2.0,1.0,1,1,,0.0,False,,,both
655.0,2022-06-20,1.0,1.0,0.0,6.0,25.0,0.0,1.0,0.0,,2.0,False,,,1.0,0.0,6.0,25.0,0.0,,1.0,1,1,,1.0,False,,,both
655.0,2022-06-21,1.0,2.0,0.0,6.0,25.0,0.0,1.0,0.0,7,2.0,True,6,2.0,2.0,0.0,6.0,25.0,0.0,,1.0,1,1,7,1.0,True,6,2.0,both
655.0,2022-06-22,1.0,3.0,0.0,6.0,25.0,0.0,1.0,0.0,,2.0,False,,,3.0,0.0,6.0,25.0,0.0,,1.0,1,1,,1.0,False,,,both
655.0,2022-06-23,1.0,4.0,0.0,6.0,25.0,1.0,1.0,1.0,,2.0,False,,,4.0,0.0,6.0,25.0,1.0,,1.0,1,1,,1.0,False,,,both
655.0,2022-06-24,1.0,5.0,0.0,6.0,25.0,1.0,1.0,1.0,,2.0,False,,,5.0,0.0,6.0,25.0,1.0,4.0,1.0,1,1,,1.0,False,,,both
655.0,2022-06-25,1.0,6.0,0.0,6.0,25.0,0.0,1.0,0.0,,2.0,False,,,6.0,0.0,6.0,25.0,0.0,3.0,1.0,1,1,,1.0,False,,,both
655.0,2022-06-26,1.0,0.0,0.0,6.0,25.0,0.0,1.0,0.0,,2.0,False,,,0.0,0.0,6.0,25.0,0.0,2.0,1.0,1,1,,1.0,False,,,both
664.0,2022-06-20,1.0,1.0,0.0,6.0,25.0,0.0,1.0,0.0,,2.0,False,,,1.0,0.0,6.0,25.0,0.0,,1.0,1,1,,0.0,False,,,both
664.0,2022-06-21,1.0,2.0,0.0,6.0,25.0,1.0,1.0,1.0,7,2.0,True,6,2.0,2.0,0.0,6.0,25.0,1.0,,1.0,1,1,7,0.0,True,6,2.0,both
664.0,2022-06-22,1.0,3.0,0.0,6.0,25.0,1.0,1.0,1.0,,2.0,False,,,3.0,0.0,6.0,25.0,1.0,,1.0,1,1,,0.0,False,,,both
664.0,2022-06-23,1.0,4.0,0.0,6.0,25.0,0.0,1.0,0.0,,2.0,False,,,4.0,0.0,6.0,25.0,0.0,,1.0,1,1,,0.0,False,,,both
664.0,2022-06-24,1.0,5.0,0.0,6.0,25.0,0.0,1.0,0.0,,2.0,False,,,5.0,0.0,6.0,25.0,0.0,,1.0,1,1,,0.0,False,,,both
664.0,2022-06-25,1.0,6.0,0.0,6.0,25.0,0.0,1.0,0.0,,2.0,False,,,6.0,0.0,6.0,25.0,0.0,2.0,1.0,1,1,,0.0,False,,,both
664.0,2022-06-26,1.0,0.0,0.0,6.0,25.0,0.0,1.0,0.0,,2.0,False,,,0.0,0.0,6.0,25.0,0.0,1.0,1.0,1,1,,0.0,False,,,both
666.0,2022-06-20,1.0,1.0,0.0,6.0,25.0,0.0,1.0,0.0,,2.0,False,,,1.0,0.0,6.0,25.0,0.0,,1.0,1,1,,0.0,False,,,both
666.0,2022-06-21,1.0,2.0,0.0,6.0,25.0,1.0,1.0,1.0,7,2.0,True,6,3.0,2.0,0.0,6.0,25.0,1.0,,1.0,1,1,7,0.0,True,6,3.0,both
666.0,2022-06-22,1.0,3.0,0.0,6.0,25.0,0.0,1.0,0.0,,2.0,False,,,3.0,0.0,6.0,25.0,0.0,,1.0,1,1,,0.0,False,,,both
666.0,2022-06-23,1.0,4.0,0.0,6.0,25.0,0.0,1.0,0.0,,2.0,False,,,4.0,0.0,6.0,25.0,0.0,,1.0,1,1,,0.0,False,,,both
666.0,2022-06-24,1.0,5.0,0.0,6.0,25.0,1.0,1.0,1.0,,2.0,False,,,5.0,0.0,6.0,25.0,1.0,,1.0,1,1,,0.0,False,,,both
666.0,2022-06-25,1.0,6.0,0.0,6.0,25.0,0.0,1.0,0.0,,2.0,False,,,6.0,0.0,6.0,25.0,0.0,2.0,1.0,1,1,,0.0,False,,,both
666.0,2022-06-26,1.0,0.0,0.0,6.0,25.0,0.0,1.0,0.0,,2.0,False,,,0.0,0.0,6.0,25.0,0.0,1.0,1.0,1,1,,0.0,False,,,both
672.0,2022-06-20,1.0,1.0,0.0,6.0,25.0,0.0,1.0,0.0,,3.0,False,,,1.0,0.0,6.0,25.0,0.0,,1.0,1,1,,2.0,False,,,both
672.0,2022-06-21,1.0,2.0,0.0,6.0,25.0,1.0,1.0,1.0,7,3.0,True,6,4.0,2.0,0.0,6.0,25.0,1.0,,1.0,1,1,7,2.0,True,6,4.0,both
672.0,2022-06-22,1.0,3.0,0.0,6.0,25.0,0.0,1.0,0.0,,3.0,False,,,3.0,0.0,6.0,25.0,0.0,1.0,1.0,1,1,,2.0,False,,,both
672.0,2022-06-23,1.0,4.0,0.0,6.0,25.0,1.0,1.0,1.0,,3.0,False,,,4.0,0.0,6.0,25.0,1.0,1.0,1.0,1,1,,2.0,False,,,both
672.0,2022-06-24,1.0,5.0,0.0,6.0,25.0,1.0,1.0,1.0,,3.0,False,,,5.0,0.0,6.0,25.0,1.0,3.0,1.0,1,1,,2.0,False,,,both
672.0,2022-06-25,1.0,6.0,0.0,6.0,25.0,0.0,1.0,0.0,,3.0,False,,,6.0,0.0,6.0,25.0,0.0,2.0,1.0,1,1,,2.0,False,,,both
672.0,2022-06-26,1.0,0.0,0.0,6.0,25.0,0.0,1.0,0.0,,3.0,False,,,0.0,0.0,6.0,25.0,0.0,1.0,1.0,1,1,,2.0,False,,,both
673.0,2022-08-08,8.0,1.0,0.0,6.0,32.0,,,,,0.0,False,,,1.0,0.0,6.0,32.0,,,3.0,1,1,,,False,,,both
673.0,2022-08-09,8.0,2.0,0.0,6.0,32.0,,,,2,0.0,True,6,1.0,2.0,0.0,6.0,32.0,,,3.0,1,1,2,,False,6,1.0,both
673.0,2022-08-10,8.0,3.0,0.0,6.0,32.0,0.0,1.0,0.0,,0.0,False,,,3.0,0.0,6.0,32.0,0.0,,1.0,1,1,,,False,,,both
673.0,2022-08-11,8.0,4.0,0.0,6.0,32.0,0.0,0.0,0.0,,0.0,False,,,4.0,0.0,6.0,32.0,0.0,1.0,2.0,1,1,,,False,,,both
673.0,2022-08-12,8.0,5.0,0.0,6.0,32.0,,,,,0.0,False,,,5.0,0.0,6.0,32.0,,,3.0,1,1,,,False,,,both
673.0,2022-08-13,8.0,6.0,0.0,6.0,32.0,,,,,0.0,False,,,6.0,0.0,6.0,32.0,,,3.0,1,1,,,False,,,both
677.0,2022-06-20,1.0,1.0,0.0,6.0,25.0,1.0,1.0,1.0,,7.0,False,,,1.0,0.0,6.0,25.0,1.0,,1.0,1,1,,5.0,False,,,both
677.0,2022-06-21,1.0,2.0,0.0,6.0,25.0,1.0,1.0,1.0,7,7.0,True,6,6.0,2.0,0.0,6.0,25.0,1.0,,1.0,1,1,7,5.0,True,6,6.0,both
677.0,2022-06-22,1.0,3.0,0.0,6.0,25.0,1.0,1.0,1.0,,7.0,False,,,3.0,0.0,6.0,25.0,1.0,1.0,1.0,1,1,,5.0,False,,,both
677.0,2022-06-23,1.0,4.0,0.0,6.0,25.0,1.0,1.0,1.0,,7.0,False,,,4.0,0.0,6.0,25.0,1.0,1.0,1.0,1,1,,5.0,False,,,both
677.0,2022-06-24,1.0,5.0,0.0,6.0,25.0,1.0,1.0,1.0,,7.0,False,,,5.0,0.0,6.0,25.0,1.0,1.0,1.0,1,1,,5.0,False,,,both
677.0,2022-06-25,1.0,6.0,0.0,6.0,25.0,1.0,1.0,1.0,,7.0,False,,,6.0,0.0,6.0,25.0,1.0,2.0,1.0,1,1,,5.0,False,,,both
677.0,2022-06-26,1.0,0.0,0.0,6.0,25.0,1.0,1.0,1.0,,7.0,False,,,0.0,0.0,6.0,25.0,1.0,1.0,1.0,1,1,,5.0,False,,,both
1302.0,2022-10-17,5.0,1.0,0.0,13.0,42.0,1.0,1.0,1.0,,3.0,False,,,1.0,0.0,13.0,42.0,1.0,1.0,1.0,1,1,,4.0,False,,,both
1302.0,2022-10-18,5.0,2.0,0.0,13.0,42.0,0.0,1.0,0.0,7,3.0,True,6,6.0,2.0,0.0,13.0,42.0,1.0,1.0,1.0,1,1,7,4.0,True,6,6.0,both
1302.0,2022-10-19,5.0,3.0,0.0,13.0,42.0,1.0,1.0,1.0,,3.0,False,,,3.0,0.0,13.0,42.0,1.0,1.0,1.0,1,1,,4.0,False,,,both
1302.0,2022-10-20,5.0,4.0,0.0,13.0,42.0,0.0,1.0,0.0,,3.0,False,,,4.0,0.0,13.0,42.0,0.0,1.0,1.0,1,1,,4.0,False,,,both
1302.0,2022-10-21,5.0,5.0,0.0,13.0,42.0,1.0,1.0,1.0,,3.0,False,,,5.0,0.0,13.0,42.0,1.0,1.0,1.0,1,1,,4.0,False,,,both
1302.0,2022-10-22,5.0,6.0,0.0,13.0,42.0,0.0,1.0,0.0,,3.0,False,,,6.0,0.0,13.0,42.0,0.0,6.0,1.0,1,1,,4.0,False,,,both
1302.0,2022-10-23,5.0,0.0,0.0,13.0,42.0,0.0,1.0,0.0,,3.0,False,,,0.0,0.0,13.0,42.0,0.0,5.0,1.0,1,1,,4.0,False,,,both
1335.0,2022-09-26,3.0,1.0,0.0,13.0,39.0,1.0,1.0,1.0,,3.0,False,,,1.0,0.0,13.0,39.0,1.0,3.0,1.0,1,1,,5.0,False,,,both
1335.0,2022-09-27,3.0,2.0,0.0,13.0,39.0,1.0,1.0,1.0,6,3.0,True,6,3.0,2.0,0.0,13.0,39.0,1.0,2.0,1.0,1,1,7,5.0,True,6,3.0,both
1335.0,2022-09-28,3.0,3.0,0.0,13.0,39.0,1.0,1.0,1.0,,3.0,False,,,3.0,0.0,13.0,39.0,1.0,1.0,1.0,1,1,,5.0,False,,,both
1335.0,2022-09-29,3.0,4.0,0.0,13.0,39.0,,,1.0,,3.0,False,,,4.0,0.0,13.0,39.0,1.0,,1.0,1,1,,5.0,False,,,both
1335.0,2022-09-30,3.0,5.0,0.0,13.0,39.0,,,1.0,,3.0,False,,,5.0,0.0,13.0,39.0,1.0,7.0,1.0,1,1,,5.0,False,,,both
1335.0,2022-10-01,3.0,6.0,0.0,13.0,39.0,,,1.0,,3.0,False,,,6.0,0.0,13.0,39.0,1.0,6.0,1.0,1,1,,5.0,False,,,both
1335.0,2022-10-02,3.0,0.0,0.0,13.0,39.0,,,,,3.0,False,,,0.0,0.0,13.0,39.0,0.0,5.0,1.0,1,1,,5.0,False,,,both
1335.0,2022-10-03,4.0,1.0,0.0,13.0,40.0,,,1.0,,1.0,False,,,1.0,0.0,13.0,40.0,1.0,4.0,1.0,1,1,,2.0,False,,,both
1335.0,2022-10-04,4.0,2.0,0.0,13.0,40.0,1.0,1.0,1.0,7,1.0,True,5,3.0,2.0,0.0,13.0,40.0,1.0,3.0,1.0,1,1,7,2.0,True,5,3.0,both
1335.0,2022-10-05,4.0,3.0,1.0,13.0,40.0,0.0,1.0,0.0,,1.0,False,,,3.0,1.0,13.0,40.0,0.0,2.0,1.0,1,1,,2.0,False,,,both
1335.0,2022-10-06,4.0,4.0,0.0,13.0,40.0,0.0,1.0,0.0,,1.0,False,,,4.0,0.0,13.0,40.0,0.0,1.0,1.0,1,1,,2.0,False,,,both
1335.0,2022-10-07,4.0,5.0,0.0,13.0,40.0,0.0,1.0,0.0,,1.0,False,,,5.0,0.0,13.0,40.0,0.0,1.0,1.0,1,1,,2.0,False,,,both
1335.0,2022-10-08,4.0,6.0,0.0,13.0,40.0,0.0,1.0,0.0,,1.0,False,,,6.0,0.0,13.0,40.0,0.0,2.0,1.0,1,1,,2.0,False,,,both
1335.0,2022-10-09,4.0,0.0,0.0,13.0,40.0,0.0,1.0,0.0,,1.0,False,,,0.0,0.0,13.0,40.0,0.0,1.0,1.0,1,1,,2.0,False,,,both
1367.0,2022-09-26,2.0,1.0,0.0,13.0,39.0,0.0,0.0,0.0,,2.0,False,,,1.0,0.0,13.0,39.0,0.0,,1.0,1,1,,1.0,False,,,both
1367.0,2022-09-27,2.0,2.0,0.0,13.0,39.0,0.0,0.0,0.0,7,2.0,True,6,1.0,2.0,0.0,13.0,39.0,0.0,,1.0,1,1,7,1.0,True,6,1.0,both
1367.0,2022-09-28,2.0,3.0,0.0,13.0,39.0,0.0,0.0,0.0,,2.0,False,,,3.0,0.0,13.0,39.0,0.0,,1.0,1,1,,1.0,False,,,both
1367.0,2022-09-29,2.0,4.0,0.0,13.0,39.0,1.0,1.0,1.0,,2.0,False,,,4.0,0.0,13.0,39.0,0.0,7.0,2.0,1,1,,1.0,False,,,both
1367.0,2022-09-30,2.0,5.0,0.0,13.0,39.0,0.0,1.0,0.0,,2.0,False,,,5.0,0.0,13.0,39.0,0.0,6.0,1.0,1,1,,1.0,False,,,both
1367.0,2022-10-01,2.0,6.0,0.0,13.0,39.0,1.0,1.0,1.0,,2.0,False,,,6.0,0.0,13.0,39.0,1.0,5.0,1.0,1,1,,1.0,False,,,both
1367.0,2022-10-02,2.0,0.0,0.0,13.0,39.0,0.0,1.0,0.0,,2.0,False,,,0.0,0.0,13.0,39.0,0.0,4.0,1.0,1,1,,1.0,False,,,both
1376.0,2022-11-07,8.0,1.0,0.0,13.0,45.0,0.0,1.0,0.0,,2.0,False,,,1.0,0.0,13.0,45.0,0.0,1.0,1.0,1,1,,1.0,False,,,both
1376.0,2022-11-08,8.0,2.0,1.0,13.0,45.0,1.0,1.0,1.0,6,2.0,True,5,2.0,2.0,1.0,13.0,45.0,1.0,1.0,1.0,1,1,6,1.0,True,6,3.0,both
1376.0,2022-11-09,8.0,3.0,0.0,13.0,45.0,0.0,1.0,0.0,,2.0,False,,,3.0,0.0,13.0,45.0,0.0,3.0,1.0,1,1,,1.0,False,,,both
1376.0,2022-11-10,8.0,4.0,0.0,13.0,45.0,0.0,1.0,0.0,,2.0,False,,,4.0,0.0,13.0,45.0,1.0,2.0,2.0,1,1,,1.0,False,,,both
1376.0,2022-11-11,8.0,5.0,0.0,13.0,45.0,0.0,1.0,0.0,,2.0,False,,,5.0,0.0,13.0,45.0,1.0,1.0,2.0,1,1,,1.0,False,,,both
1376.0,2022-11-12,8.0,6.0,0.0,13.0,45.0,1.0,1.0,1.0,,2.0,False,,,6.0,0.0,13.0,45.0,1.0,,1.0,1,1,,1.0,False,,,both
1381.0,2022-10-03,3.0,1.0,0.0,13.0,40.0,0.0,1.0,0.0,,1.0,False,,,1.0,0.0,13.0,40.0,0.0,1.0,1.0,1,1,,2.0,False,,,both
1381.0,2022-10-04,3.0,2.0,0.0,13.0,40.0,1.0,1.0,1.0,7,1.0,True,5,4.0,2.0,0.0,13.0,40.0,1.0,2.0,1.0,1,1,7,2.0,True,5,4.0,both
1381.0,2022-10-05,3.0,3.0,1.0,13.0,40.0,0.0,1.0,0.0,,1.0,False,,,3.0,1.0,13.0,40.0,0.0,1.0,1.0,1,1,,2.0,False,,,both
1381.0,2022-10-06,3.0,4.0,0.0,13.0,40.0,0.0,1.0,0.0,,1.0,False,,,4.0,0.0,13.0,40.0,1.0,1.0,1.0,1,1,,2.0,False,,,both
1381.0,2022-10-07,3.0,5.0,0.0,13.0,40.0,0.0,1.0,0.0,,1.0,False,,,5.0,0.0,13.0,40.0,0.0,4.0,1.0,1,1,,2.0,False,,,both
1381.0,2022-10-08,3.0,6.0,0.0,13.0,40.0,0.0,1.0,0.0,,1.0,False,,,6.0,0.0,13.0,40.0,0.0,3.0,1.0,1,1,,2.0,False,,,both
1381.0,2022-10-09,3.0,0.0,0.0,13.0,40.0,0.0,1.0,0.0,,1.0,False,,,0.0,0.0,13.0,40.0,0.0,2.0,1.0,1,1,,2.0,False,,,both
1381.0,2022-10-10,4.0,1.0,0.0,13.0,41.0,0.0,1.0,0.0,,4.0,False,,,1.0,0.0,13.0,41.0,0.0,1.0,1.0,1,1,,5.0,False,,,both
1381.0,2022-10-11,4.0,2.0,0.0,13.0,41.0,1.0,1.0,1.0,7,4.0,True,6,5.0,2.0,0.0,13.0,41.0,1.0,1.0,1.0,1,1,7,5.0,True,6,5.0,both
1381.0,2022-10-12,4.0,3.0,0.0,13.0,41.0,0.0,1.0,0.0,,4.0,False,,,3.0,0.0,13.0,41.0,1.0,1.0,1.0,1,1,,5.0,False,,,both
1381.0,2022-10-13,4.0,4.0,0.0,13.0,41.0,1.0,1.0,1.0,,4.0,False,,,4.0,0.0,13.0,41.0,1.0,1.0,1.0,1,1,,5.0,False,,,both
1381.0,2022-10-14,4.0,5.0,0.0,13.0,41.0,1.0,1.0,1.0,,4.0,False,,,5.0,0.0,13.0,41.0,1.0,1.0,1.0,1,1,,5.0,False,,,both
1381.0,2022-10-15,4.0,6.0,0.0,13.0,41.0,1.0,1.0,1.0,,4.0,False,,,6.0,0.0,13.0,41.0,1.0,2.0,1.0,1,1,,5.0,False,,,both
1381.0,2022-10-16,4.0,0.0,0.0,13.0,41.0,0.0,1.0,0.0,,4.0,False,,,0.0,0.0,13.0,41.0,0.0,1.0,1.0,1,1,,5.0,False,,,both
1511.0,2022-10-03,2.0,1.0,0.0,15.0,40.0,,,,,0.0,False,,,1.0,0.0,15.0,40.0,,,3.0,1,0,,,False,,,both
1511.0,2022-10-04,2.0,2.0,0.0,15.0,40.0,,,,4,0.0,True,5,0.0,2.0,0.0,15.0,40.0,,,3.0,1,0,4,,False,5,0.0,both
1511.0,2022-10-05,2.0,3.0,1.0,15.0,40.0,,,,,0.0,False,,,3.0,1.0,15.0,40.0,,,3.0,1,0,,,False,,,both
1511.0,2022-10-06,2.0,4.0,0.0,15.0,40.0,0.0,1.0,0.0,,0.0,False,,,4.0,0.0,15.0,40.0,0.0,,1.0,1,0,,,False,,,both
1511.0,2022-10-07,2.0,5.0,0.0,15.0,40.0,0.0,1.0,0.0,,0.0,False,,,5.0,0.0,15.0,40.0,0.0,,1.0,1,0,,,False,,,both
1511.0,2022-10-08,2.0,6.0,0.0,15.0,40.0,0.0,1.0,0.0,,0.0,False,,,6.0,0.0,15.0,40.0,0.0,,1.0,1,0,,,False,,,both
1511.0,2022-10-09,2.0,0.0,0.0,15.0,40.0,0.0,1.0,0.0,,0.0,False,,,0.0,0.0,15.0,40.0,0.0,,1.0,1,0,,,False,,,both
1511.0,2022-10-10,3.0,1.0,0.0,15.0,41.0,1.0,1.0,1.0,,4.0,False,,,1.0,0.0,15.0,41.0,1.0,,1.0,1,0,,,False,,,both
1511.0,2022-10-11,3.0,2.0,0.0,15.0,41.0,0.0,1.0,0.0,5,4.0,True,6,3.0,2.0,0.0,15.0,41.0,0.0,,1.0,1,0,5,,False,6,3.0,both
1511.0,2022-10-12,3.0,3.0,0.0,15.0,41.0,1.0,1.0,1.0,,4.0,False,,,3.0,0.0,15.0,41.0,1.0,,1.0,1,0,,,False,,,both
1511.0,2022-10-13,3.0,4.0,0.0,15.0,41.0,1.0,1.0,1.0,,4.0,False,,,4.0,0.0,15.0,41.0,1.0,,1.0,1,0,,,False,,,both
1511.0,2022-10-14,3.0,5.0,0.0,15.0,41.0,1.0,1.0,1.0,,4.0,False,,,5.0,0.0,15.0,41.0,1.0,,1.0,1,0,,,False,,,both
1511.0,2022-10-15,3.0,6.0,0.0,15.0,41.0,,,,,4.0,False,,,6.0,0.0,15.0,41.0,,,3.0,1,0,,,False,,,both
1511.0,2022-10-16,3.0,0.0,0.0,15.0,41.0,,,,,4.0,False,,,0.0,0.0,15.0,41.0,,,3.0,1,0,,,False,,,both
1523.0,2022-11-14,8.0,1.0,0.0,15.0,46.0,0.0,1.0,0.0,,2.0,False,,,1.0,0.0,15.0,46.0,0.0,1.0,1.0,1,1,,1.0,False,,,both
1523.0,2022-11-15,8.0,2.0,0.0,15.0,46.0,0.0,1.0,0.0,6,2.0,True,6,5.0,2.0,0.0,15.0,46.0,0.0,1.0,1.0,1,1,6,1.0,True,6,5.0,both
1523.0,2022-11-16,8.0,3.0,0.0,15.0,46.0,0.0,1.0,0.0,,2.0,False,,,3.0,0.0,15.0,46.0,0.0,1.0,1.0,1,1,,1.0,False,,,both
1523.0,2022-11-17,8.0,4.0,0.0,15.0,46.0,1.0,1.0,1.0,,2.0,False,,,4.0,0.0,15.0,46.0,1.0,2.0,1.0,1,1,,1.0,False,,,both
1523.0,2022-11-18,8.0,5.0,0.0,15.0,46.0,0.0,1.0,0.0,,2.0,False,,,5.0,0.0,15.0,46.0,0.0,1.0,1.0,1,1,,1.0,False,,,both
1523.0,2022-11-19,8.0,6.0,0.0,15.0,46.0,1.0,1.0,1.0,,2.0,False,,,6.0,0.0,15.0,46.0,1.0,,1.0,1,1,,1.0,False,,,both
1530.0,2022-11-07,7.0,1.0,0.0,15.0,45.0,0.0,0.0,0.0,,0.0,False,,,1.0,0.0,15.0,45.0,0.0,4.0,2.0,0,1,,,False,,,both
1530.0,2022-11-08,7.0,2.0,1.0,15.0,45.0,0.0,0.0,0.0,7,0.0,True,5,0.0,2.0,1.0,15.0,45.0,0.0,3.0,2.0,0,1,7,,False,5,0.0,both
1530.0,2022-11-09,7.0,3.0,0.0,15.0,45.0,0.0,0.0,0.0,,0.0,False,,,3.0,0.0,15.0,45.0,0.0,2.0,2.0,0,1,,,False,,,both
1530.0,2022-11-10,7.0,4.0,0.0,15.0,45.0,0.0,0.0,0.0,,0.0,False,,,4.0,0.0,15.0,45.0,0.0,1.0,2.0,0,1,,,False,,,both
1530.0,2022-11-11,7.0,5.0,0.0,15.0,45.0,0.0,0.0,0.0,,0.0,False,,,5.0,0.0,15.0,45.0,0.0,4.0,2.0,0,1,,,False,,,both
1530.0,2022-11-12,7.0,6.0,0.0,15.0,45.0,0.0,1.0,0.0,,0.0,False,,,6.0,0.0,15.0,45.0,0.0,4.0,2.0,0,1,,,False,,,both
1530.0,2022-11-13,7.0,0.0,0.0,15.0,45.0,0.0,1.0,0.0,,0.0,False,,,0.0,0.0,15.0,45.0,0.0,4.0,2.0,0,1,,,False,,,both
1542.0,2022-11-14,8.0,1.0,0.0,15.0,46.0,1.0,1.0,1.0,,6.0,False,,,1.0,0.0,15.0,46.0,1.0,1.0,1.0,1,1,,4.0,False,,,both
1542.0,2022-11-15,8.0,2.0,0.0,15.0,46.0,1.0,1.0,1.0,6,6.0,True,6,3.0,2.0,0.0,15.0,46.0,1.0,3.0,1.0,1,1,6,4.0,True,6,3.0,both
1542.0,2022-11-16,8.0,3.0,0.0,15.0,46.0,1.0,1.0,1.0,,6.0,False,,,3.0,0.0,15.0,46.0,1.0,2.0,1.0,1,1,,4.0,False,,,both
1542.0,2022-11-17,8.0,4.0,0.0,15.0,46.0,1.0,1.0,1.0,,6.0,False,,,4.0,0.0,15.0,46.0,1.0,1.0,1.0,1,1,,4.0,False,,,both
1542.0,2022-11-18,8.0,5.0,0.0,15.0,46.0,1.0,1.0,1.0,,6.0,False,,,5.0,0.0,15.0,46.0,1.0,,1.0,1,1,,4.0,False,,,both
1542.0,2022-11-19,8.0,6.0,0.0,15.0,46.0,1.0,1.0,1.0,,6.0,False,,,6.0,0.0,15.0,46.0,1.0,,1.0,1,1,,4.0,False,,,both
1611.0,2022-09-26,4.0,1.0,0.0,16.0,39.0,0.0,1.0,0.0,,4.0,False,,,1.0,0.0,16.0,39.0,0.0,1.0,1.0,1,1,,3.0,False,,,both
1611.0,2022-09-27,4.0,2.0,0.0,16.0,39.0,1.0,1.0,1.0,6,4.0,True,6,6.0,2.0,0.0,16.0,39.0,1.0,1.0,1.0,1,1,6,3.0,True,6,6.0,both
1611.0,2022-09-28,4.0,3.0,0.0,16.0,39.0,1.0,1.0,1.0,,4.0,False,,,3.0,0.0,16.0,39.0,1.0,1.0,1.0,1,1,,3.0,False,,,both
1611.0,2022-09-29,4.0,4.0,0.0,16.0,39.0,,,,,4.0,False,,,4.0,0.0,16.0,39.0,,,3.0,1,1,,3.0,False,,,both
1611.0,2022-09-30,4.0,5.0,0.0,16.0,39.0,1.0,1.0,1.0,,4.0,False,,,5.0,0.0,16.0,39.0,1.0,,1.0,1,1,,3.0,False,,,both
1611.0,2022-10-01,4.0,6.0,0.0,16.0,39.0,1.0,1.0,1.0,,4.0,False,,,6.0,0.0,16.0,39.0,1.0,2.0,1.0,1,1,,3.0,False,,,both
1611.0,2022-10-02,4.0,0.0,0.0,16.0,39.0,0.0,1.0,0.0,,4.0,False,,,0.0,0.0,16.0,39.0,0.0,1.0,1.0,1,1,,3.0,False,,,both
1620.0,2022-09-26,4.0,1.0,0.0,16.0,39.0,1.0,1.0,1.0,,6.0,False,,,1.0,0.0,16.0,39.0,1.0,,1.0,1,1,,5.0,False,,,both
1620.0,2022-09-27,4.0,2.0,0.0,16.0,39.0,1.0,1.0,1.0,7,6.0,True,6,6.0,2.0,0.0,16.0,39.0,1.0,1.0,1.0,1,1,7,5.0,True,6,6.0,both
1620.0,2022-09-28,4.0,3.0,0.0,16.0,39.0,1.0,1.0,1.0,,6.0,False,,,3.0,0.0,16.0,39.0,1.0,1.0,1.0,1,1,,5.0,False,,,both
1620.0,2022-09-29,4.0,4.0,0.0,16.0,39.0,1.0,1.0,1.0,,6.0,False,,,4.0,0.0,16.0,39.0,1.0,1.0,1.0,1,1,,5.0,False,,,both
1620.0,2022-09-30,4.0,5.0,0.0,16.0,39.0,1.0,1.0,1.0,,6.0,False,,,5.0,0.0,16.0,39.0,1.0,1.0,1.0,1,1,,5.0,False,,,both
1620.0,2022-10-01,4.0,6.0,0.0,16.0,39.0,1.0,1.0,1.0,,6.0,False,,,6.0,0.0,16.0,39.0,1.0,2.0,1.0,1,1,,5.0,False,,,both
1620.0,2022-10-02,4.0,0.0,0.0,16.0,39.0,0.0,1.0,0.0,,6.0,False,,,0.0,0.0,16.0,39.0,0.0,1.0,1.0,1,1,,5.0,False,,,both
1623.0,2022-10-03,5.0,1.0,0.0,16.0,40.0,1.0,1.0,1.0,,5.0,False,,,1.0,0.0,16.0,40.0,1.0,1.0,1.0,1,1,,6.0,False,,,both
1623.0,2022-10-04,5.0,2.0,0.0,16.0,40.0,1.0,1.0,1.0,7,5.0,True,5,5.0,2.0,0.0,16.0,40.0,1.0,2.0,1.0,1,1,7,6.0,True,5,5.0,both
1623.0,2022-10-05,5.0,3.0,1.0,16.0,40.0,0.0,1.0,0.0,,5.0,False,,,3.0,1.0,16.0,40.0,1.0,1.0,1.0,1,1,,6.0,False,,,both
1623.0,2022-10-06,5.0,4.0,0.0,16.0,40.0,1.0,1.0,1.0,,5.0,False,,,4.0,0.0,16.0,40.0,1.0,1.0,1.0,1,1,,6.0,False,,,both
1623.0,2022-10-07,5.0,5.0,0.0,16.0,40.0,0.0,1.0,0.0,,5.0,False,,,5.0,0.0,16.0,40.0,0.0,1.0,1.0,1,1,,6.0,False,,,both
1623.0,2022-10-08,5.0,6.0,0.0,16.0,40.0,1.0,1.0,1.0,,5.0,False,,,6.0,0.0,16.0,40.0,1.0,2.0,1.0,1,1,,6.0,False,,,both
1623.0,2022-10-09,5.0,0.0,0.0,16.0,40.0,1.0,1.0,1.0,,5.0,False,,,0.0,0.0,16.0,40.0,1.0,1.0,1.0,1,1,,6.0,False,,,both
1634.0,2022-10-24,8.0,1.0,1.0,16.0,43.0,0.0,1.0,0.0,,4.0,False,,,1.0,1.0,16.0,43.0,0.0,1.0,1.0,1,1,,3.0,False,,,both
1634.0,2022-10-25,8.0,2.0,0.0,16.0,43.0,1.0,1.0,1.0,6,4.0,True,5,5.0,2.0,0.0,16.0,43.0,1.0,1.0,1.0,1,1,6,3.0,True,5,5.0,both
1634.0,2022-10-26,8.0,3.0,0.0,16.0,43.0,1.0,1.0,1.0,,4.0,False,,,3.0,0.0,16.0,43.0,1.0,1.0,1.0,1,1,,3.0,False,,,both
1634.0,2022-10-27,8.0,4.0,0.0,16.0,43.0,0.0,1.0,0.0,,4.0,False,,,4.0,0.0,16.0,43.0,0.0,1.0,1.0,1,1,,3.0,False,,,both
1634.0,2022-10-28,8.0,5.0,0.0,16.0,43.0,1.0,1.0,1.0,,4.0,False,,,5.0,0.0,16.0,43.0,1.0,1.0,1.0,1,1,,3.0,False,,,both
1634.0,2022-10-29,8.0,6.0,0.0,16.0,43.0,1.0,1.0,1.0,,4.0,False,,,6.0,0.0,16.0,43.0,1.0,,1.0,1,1,,3.0,False,,,both
1640.0,2022-10-24,8.0,1.0,1.0,16.0,43.0,0.0,0.0,0.0,,0.0,False,,,1.0,1.0,16.0,43.0,0.0,2.0,2.0,1,1,,,False,,,both
1640.0,2022-10-25,8.0,2.0,0.0,16.0,43.0,0.0,0.0,0.0,6,0.0,True,5,0.0,2.0,0.0,16.0,43.0,0.0,1.0,2.0,1,1,6,,False,5,0.0,both
1640.0,2022-10-26,8.0,3.0,0.0,16.0,43.0,0.0,1.0,0.0,,0.0,False,,,3.0,0.0,16.0,43.0,0.0,,1.0,1,1,,,False,,,both
1640.0,2022-10-27,8.0,4.0,0.0,16.0,43.0,0.0,1.0,0.0,,0.0,False,,,4.0,0.0,16.0,43.0,0.0,,1.0,1,1,,,False,,,both
1640.0,2022-10-28,8.0,5.0,0.0,16.0,43.0,0.0,1.0,0.0,,0.0,False,,,5.0,0.0,16.0,43.0,0.0,,1.0,1,1,,,False,,,both
1640.0,2022-10-29,8.0,6.0,0.0,16.0,43.0,0.0,1.0,0.0,,0.0,False,,,6.0,0.0,16.0,43.0,0.0,,1.0,1,1,,,False,,,both
1642.0,2022-10-10,6.0,1.0,0.0,16.0,41.0,0.0,1.0,0.0,,3.0,False,,,1.0,0.0,16.0,41.0,0.0,2.0,1.0,1,1,,4.0,False,,,both
1642.0,2022-10-11,6.0,2.0,0.0,16.0,41.0,0.0,1.0,0.0,7,3.0,True,6,4.0,2.0,0.0,16.0,41.0,0.0,1.0,1.0,1,1,7,4.0,True,6,4.0,both
1642.0,2022-10-12,6.0,3.0,0.0,16.0,41.0,0.0,1.0,0.0,,3.0,False,,,3.0,0.0,16.0,41.0,1.0,1.0,1.0,1,1,,4.0,False,,,both
1642.0,2022-10-13,6.0,4.0,0.0,16.0,41.0,1.0,1.0,1.0,,3.0,False,,,4.0,0.0,16.0,41.0,1.0,1.0,1.0,1,1,,4.0,False,,,both
1642.0,2022-10-14,6.0,5.0,0.0,16.0,41.0,1.0,1.0,1.0,,3.0,False,,,5.0,0.0,16.0,41.0,1.0,1.0,1.0,1,1,,4.0,False,,,both
1642.0,2022-10-15,6.0,6.0,0.0,16.0,41.0,1.0,1.0,1.0,,3.0,False,,,6.0,0.0,16.0,41.0,1.0,2.0,1.0,1,1,,4.0,False,,,both
1642.0,2022-10-16,6.0,0.0,0.0,16.0,41.0,0.0,1.0,0.0,,3.0,False,,,0.0,0.0,16.0,41.0,0.0,1.0,1.0,1,1,,4.0,False,,,both
1645.0,2022-09-05,1.0,1.0,0.0,16.0,36.0,1.0,1.0,1.0,,2.0,False,,,1.0,0.0,16.0,36.0,,,3.0,0,1,,,False,,,both
1645.0,2022-09-06,1.0,2.0,0.0,16.0,36.0,1.0,1.0,1.0,7,2.0,True,6,2.0,2.0,0.0,16.0,36.0,,,3.0,0,1,5,,False,6,2.0,both
1645.0,2022-09-07,1.0,3.0,0.0,16.0,36.0,,,0.0,,2.0,False,,,3.0,0.0,16.0,36.0,0.0,,2.0,0,1,,,False,,,both
1645.0,2022-09-08,1.0,4.0,0.0,16.0,36.0,,,0.0,,2.0,False,,,4.0,0.0,16.0,36.0,0.0,,2.0,0,1,,,False,,,both
1645.0,2022-09-09,1.0,5.0,0.0,16.0,36.0,,,0.0,,2.0,False,,,5.0,0.0,16.0,36.0,0.0,,2.0,0,1,,,False,,,both
1645.0,2022-09-10,1.0,6.0,0.0,16.0,36.0,0.0,0.0,0.0,,2.0,False,,,6.0,0.0,16.0,36.0,0.0,7.0,2.0,0,1,,,False,,,both
1645.0,2022-09-11,1.0,0.0,0.0,16.0,36.0,0.0,0.0,0.0,,2.0,False,,,0.0,0.0,16.0,36.0,0.0,6.0,2.0,0,1,,,False,,,both
1658.0,2022-09-26,4.0,1.0,0.0,16.0,39.0,1.0,1.0,1.0,,3.0,False,,,1.0,0.0,16.0,39.0,1.0,2.0,1.0,1,1,,2.0,False,,,both
1658.0,2022-09-27,4.0,2.0,0.0,16.0,39.0,0.0,1.0,0.0,5,3.0,True,6,4.0,2.0,0.0,16.0,39.0,0.0,1.0,1.0,1,1,5,2.0,True,6,4.0,both
1658.0,2022-09-28,4.0,3.0,0.0,16.0,39.0,,,,,3.0,False,,,3.0,0.0,16.0,39.0,,,3.0,1,1,,2.0,False,,,both
1658.0,2022-09-29,4.0,4.0,0.0,16.0,39.0,,,,,3.0,False,,,4.0,0.0,16.0,39.0,,,3.0,1,1,,2.0,False,,,both
1658.0,2022-09-30,4.0,5.0,0.0,16.0,39.0,1.0,1.0,1.0,,3.0,False,,,5.0,0.0,16.0,39.0,1.0,,1.0,1,1,,2.0,False,,,both
1658.0,2022-10-01,4.0,6.0,0.0,16.0,39.0,1.0,1.0,1.0,,3.0,False,,,6.0,0.0,16.0,39.0,1.0,5.0,1.0,1,1,,2.0,False,,,both
1658.0,2022-10-02,4.0,0.0,0.0,16.0,39.0,0.0,1.0,0.0,,3.0,False,,,0.0,0.0,16.0,39.0,0.0,4.0,1.0,1,1,,2.0,False,,,both
1658.0,2022-10-24,8.0,1.0,1.0,16.0,43.0,0.0,1.0,0.0,,2.0,False,,,1.0,1.0,16.0,43.0,0.0,1.0,1.0,1,1,,1.0,False,,,both
1658.0,2022-10-25,8.0,2.0,0.0,16.0,43.0,1.0,0.0,1.0,6,2.0,True,5,2.0,2.0,0.0,16.0,43.0,1.0,3.0,2.0,1,1,6,1.0,True,5,2.0,both
1658.0,2022-10-26,8.0,3.0,0.0,16.0,43.0,1.0,0.0,1.0,,2.0,False,,,3.0,0.0,16.0,43.0,1.0,2.0,2.0,1,1,,1.0,False,,,both
1658.0,2022-10-27,8.0,4.0,0.0,16.0,43.0,1.0,0.0,1.0,,2.0,False,,,4.0,0.0,16.0,43.0,1.0,1.0,2.0,1,1,,1.0,False,,,both
1658.0,2022-10-28,8.0,5.0,0.0,16.0,43.0,1.0,1.0,1.0,,2.0,False,,,5.0,0.0,16.0,43.0,1.0,1.0,1.0,1,1,,1.0,False,,,both
1658.0,2022-10-29,8.0,6.0,0.0,16.0,43.0,1.0,1.0,1.0,,2.0,False,,,6.0,0.0,16.0,43.0,1.0,,1.0,1,1,,1.0,False,,,both
1679.0,2022-10-03,2.0,1.0,0.0,16.0,40.0,1.0,1.0,1.0,,3.0,False,,,1.0,0.0,16.0,40.0,1.0,1.0,1.0,1,1,,2.0,False,,,both
1679.0,2022-10-04,2.0,2.0,0.0,16.0,40.0,,,,4,3.0,True,5,4.0,2.0,0.0,16.0,40.0,,,3.0,1,1,4,2.0,True,5,4.0,both
1679.0,2022-10-05,2.0,3.0,1.0,16.0,40.0,,,,,3.0,False,,,3.0,1.0,16.0,40.0,,,3.0,1,1,,2.0,False,,,both
1679.0,2022-10-06,2.0,4.0,0.0,16.0,40.0,,,,,3.0,False,,,4.0,0.0,16.0,40.0,,,3.0,1,1,,2.0,False,,,both
1679.0,2022-10-07,2.0,5.0,0.0,16.0,40.0,1.0,1.0,1.0,,3.0,False,,,5.0,0.0,16.0,40.0,1.0,,1.0,1,1,,2.0,False,,,both
1679.0,2022-10-08,2.0,6.0,0.0,16.0,40.0,1.0,1.0,1.0,,3.0,False,,,6.0,0.0,16.0,40.0,1.0,2.0,1.0,1,1,,2.0,False,,,both
1679.0,2022-10-09,2.0,0.0,0.0,16.0,40.0,0.0,1.0,0.0,,3.0,False,,,0.0,0.0,16.0,40.0,0.0,1.0,1.0,1,1,,2.0,False,,,both
1679.0,2022-11-14,8.0,1.0,0.0,16.0,46.0,1.0,1.0,1.0,,3.0,False,,,1.0,0.0,16.0,46.0,1.0,1.0,1.0,1,1,,2.0,False,,,both
1679.0,2022-11-15,8.0,2.0,0.0,16.0,46.0,0.0,1.0,0.0,6,3.0,True,6,4.0,2.0,0.0,16.0,46.0,0.0,1.0,1.0,1,1,6,2.0,True,6,4.0,both
1679.0,2022-11-16,8.0,3.0,0.0,16.0,46.0,1.0,1.0,1.0,,3.0,False,,,3.0,0.0,16.0,46.0,1.0,3.0,1.0,1,1,,2.0,False,,,both
1679.0,2022-11-17,8.0,4.0,0.0,16.0,46.0,0.0,1.0,0.0,,3.0,False,,,4.0,0.0,16.0,46.0,0.0,2.0,1.0,1,1,,2.0,False,,,both
1679.0,2022-11-18,8.0,5.0,0.0,16.0,46.0,0.0,1.0,0.0,,3.0,False,,,5.0,0.0,16.0,46.0,0.0,1.0,1.0,1,1,,2.0,False,,,both
1679.0,2022-11-19,8.0,6.0,0.0,16.0,46.0,1.0,1.0,1.0,,3.0,False,,,6.0,0.0,16.0,46.0,1.0,,1.0,1,1,,2.0,False,,,both
1683.0,2022-10-31,6.0,1.0,0.0,16.0,44.0,0.0,1.0,0.0,,1.0,False,,,1.0,0.0,16.0,44.0,0.0,1.0,1.0,1,1,,0.0,False,,,both
1683.0,2022-11-01,6.0,2.0,0.0,16.0,44.0,1.0,1.0,1.0,7,1.0,True,5,4.0,2.0,0.0,16.0,44.0,1.0,3.0,2.0,1,1,7,0.0,True,5,4.0,both
1683.0,2022-11-02,6.0,3.0,1.0,16.0,44.0,0.0,1.0,0.0,,1.0,False,,,3.0,1.0,16.0,44.0,0.0,2.0,1.0,1,1,,0.0,False,,,both
1683.0,2022-11-03,6.0,4.0,0.0,16.0,44.0,0.0,1.0,0.0,,1.0,False,,,4.0,0.0,16.0,44.0,0.0,1.0,1.0,1,1,,0.0,False,,,both
1683.0,2022-11-04,6.0,5.0,0.0,16.0,44.0,0.0,1.0,0.0,,1.0,False,,,5.0,0.0,16.0,44.0,0.0,1.0,1.0,1,1,,0.0,False,,,both
1683.0,2022-11-05,6.0,6.0,0.0,16.0,44.0,1.0,0.0,1.0,,1.0,False,,,6.0,0.0,16.0,44.0,1.0,3.0,2.0,1,1,,0.0,False,,,both
1683.0,2022-11-06,6.0,0.0,0.0,16.0,44.0,0.0,0.0,0.0,,1.0,False,,,0.0,0.0,16.0,44.0,0.0,2.0,2.0,1,1,,0.0,False,,,both
1685.0,2022-10-31,8.0,1.0,0.0,16.0,44.0,1.0,1.0,1.0,,2.0,False,,,1.0,0.0,16.0,44.0,1.0,1.0,1.0,1,1,,1.0,False,,,both
1685.0,2022-11-01,8.0,2.0,0.0,16.0,44.0,,,,3,2.0,True,5,4.0,2.0,0.0,16.0,44.0,,,3.0,1,1,3,1.0,True,5,4.0,both
1685.0,2022-11-02,8.0,3.0,1.0,16.0,44.0,0.0,1.0,0.0,,2.0,False,,,3.0,1.0,16.0,44.0,0.0,,1.0,1,1,,1.0,False,,,both
1685.0,2022-11-03,8.0,4.0,0.0,16.0,44.0,,,,,2.0,False,,,4.0,0.0,16.0,44.0,,,3.0,1,1,,1.0,False,,,both
1685.0,2022-11-04,8.0,5.0,0.0,16.0,44.0,1.0,1.0,1.0,,2.0,False,,,5.0,0.0,16.0,44.0,1.0,,1.0,1,1,,1.0,False,,,both
1685.0,2022-11-05,8.0,6.0,0.0,16.0,44.0,,,,,2.0,False,,,6.0,0.0,16.0,44.0,,,3.0,1,1,,1.0,False,,,both
1704.0,2022-10-31,8.0,1.0,0.0,17.0,44.0,,,,,0.0,False,,,1.0,0.0,17.0,44.0,,,3.0,1,1,,1.0,False,,,both
1704.0,2022-11-01,8.0,2.0,0.0,17.0,44.0,1.0,0.0,1.0,4,0.0,True,5,1.0,2.0,0.0,17.0,44.0,1.0,3.0,2.0,1,1,4,1.0,True,5,1.0,both
1704.0,2022-11-02,8.0,3.0,1.0,17.0,44.0,0.0,0.0,0.0,,0.0,False,,,3.0,1.0,17.0,44.0,0.0,2.0,2.0,1,1,,1.0,False,,,both
1704.0,2022-11-03,8.0,4.0,0.0,17.0,44.0,0.0,0.0,0.0,,0.0,False,,,4.0,0.0,17.0,44.0,0.0,1.0,2.0,1,1,,1.0,False,,,both
1704.0,2022-11-04,8.0,5.0,0.0,17.0,44.0,0.0,1.0,0.0,,0.0,False,,,5.0,0.0,17.0,44.0,1.0,1.0,1.0,1,1,,1.0,False,,,both
1704.0,2022-11-05,8.0,6.0,0.0,17.0,44.0,,,,,0.0,False,,,6.0,0.0,17.0,44.0,,,3.0,1,1,,1.0,False,,,both
1747.0,2022-10-24,8.0,1.0,1.0,17.0,43.0,0.0,1.0,0.0,,1.0,False,,,1.0,1.0,17.0,43.0,0.0,3.0,1.0,1,1,,0.0,False,,,both
1747.0,2022-10-25,8.0,2.0,0.0,17.0,43.0,0.0,1.0,0.0,6,1.0,True,5,3.0,2.0,0.0,17.0,43.0,0.0,2.0,1.0,1,1,6,0.0,True,5,3.0,both
1747.0,2022-10-26,8.0,3.0,0.0,17.0,43.0,0.0,1.0,0.0,,1.0,False,,,3.0,0.0,17.0,43.0,0.0,1.0,1.0,1,1,,0.0,False,,,both
1747.0,2022-10-27,8.0,4.0,0.0,17.0,43.0,0.0,1.0,0.0,,1.0,False,,,4.0,0.0,17.0,43.0,0.0,1.0,1.0,1,1,,0.0,False,,,both
1747.0,2022-10-28,8.0,5.0,0.0,17.0,43.0,0.0,1.0,0.0,,1.0,False,,,5.0,0.0,17.0,43.0,0.0,1.0,1.0,1,1,,0.0,False,,,both
1747.0,2022-10-29,8.0,6.0,0.0,17.0,43.0,1.0,1.0,1.0,,1.0,False,,,6.0,0.0,17.0,43.0,1.0,,1.0,1,1,,0.0,False,,,both
1757.0,2022-11-14,8.0,1.0,0.0,17.0,46.0,1.0,0.0,1.0,,1.0,False,,,1.0,0.0,17.0,46.0,1.0,5.0,2.0,1,1,,,False,,,both
1757.0,2022-11-15,8.0,2.0,0.0,17.0,46.0,1.0,0.0,1.0,6,1.0,True,6,0.0,2.0,0.0,17.0,46.0,1.0,4.0,2.0,1,1,6,,False,6,0.0,both
1757.0,2022-11-16,8.0,3.0,0.0,17.0,46.0,1.0,0.0,1.0,,1.0,False,,,3.0,0.0,17.0,46.0,1.0,3.0,2.0,1,1,,,False,,,both
1757.0,2022-11-17,8.0,4.0,0.0,17.0,46.0,1.0,0.0,1.0,,1.0,False,,,4.0,0.0,17.0,46.0,1.0,2.0,2.0,1,1,,,False,,,both
1757.0,2022-11-18,8.0,5.0,0.0,17.0,46.0,1.0,0.0,1.0,,1.0,False,,,5.0,0.0,17.0,46.0,1.0,1.0,2.0,1,1,,,False,,,both
1757.0,2022-11-19,8.0,6.0,0.0,17.0,46.0,1.0,1.0,1.0,,1.0,False,,,6.0,0.0,17.0,46.0,1.0,,1.0,1,1,,,False,,,both
1772.0,2022-10-31,8.0,1.0,0.0,17.0,44.0,,,,,0.0,False,,,1.0,0.0,17.0,44.0,,,3.0,1,1,,,False,,,both
1772.0,2022-11-01,8.0,2.0,0.0,17.0,44.0,,,,3,0.0,True,5,0.0,2.0,0.0,17.0,44.0,,,3.0,1,1,3,,False,5,0.0,both
1772.0,2022-11-02,8.0,3.0,1.0,17.0,44.0,0.0,0.0,0.0,,0.0,False,,,3.0,1.0,17.0,44.0,0.0,2.0,2.0,1,1,,,False,,,both
1772.0,2022-11-03,8.0,4.0,0.0,17.0,44.0,0.0,0.0,0.0,,0.0,False,,,4.0,0.0,17.0,44.0,0.0,1.0,2.0,1,1,,,False,,,both
1772.0,2022-11-04,8.0,5.0,0.0,17.0,44.0,,,,,0.0,False,,,5.0,0.0,17.0,44.0,,,3.0,1,1,,,False,,,both
1772.0,2022-11-05,8.0,6.0,0.0,17.0,44.0,0.0,1.0,0.0,,0.0,False,,,6.0,0.0,17.0,44.0,0.0,,1.0,1,1,,,False,,,both
1779.0,2022-09-12,1.0,1.0,0.0,17.0,37.0,1.0,1.0,1.0,,6.0,False,,,1.0,0.0,17.0,37.0,,,3.0,0,0,,,False,,,both
1779.0,2022-09-13,1.0,2.0,0.0,17.0,37.0,1.0,1.0,1.0,7,6.0,True,6,5.0,2.0,0.0,17.0,37.0,,,3.0,0,0,,,False,6,5.0,both
1779.0,2022-09-14,1.0,3.0,0.0,17.0,37.0,1.0,1.0,1.0,,6.0,False,,,3.0,0.0,17.0,37.0,,,3.0,0,0,,,False,,,both
1779.0,2022-09-15,1.0,4.0,0.0,17.0,37.0,1.0,1.0,1.0,,6.0,False,,,4.0,0.0,17.0,37.0,,,3.0,0,0,,,False,,,both
1779.0,2022-09-16,1.0,5.0,0.0,17.0,37.0,1.0,1.0,1.0,,6.0,False,,,5.0,0.0,17.0,37.0,,,3.0,0,0,,,False,,,both
1779.0,2022-09-17,1.0,6.0,0.0,17.0,37.0,1.0,1.0,1.0,,6.0,False,,,6.0,0.0,17.0,37.0,,,3.0,0,0,,,False,,,both
1779.0,2022-09-18,1.0,0.0,0.0,17.0,37.0,0.0,1.0,0.0,,6.0,False,,,0.0,0.0,17.0,37.0,,,3.0,0,0,,,False,,,both
1779.0,2022-09-19,2.0,1.0,0.0,17.0,38.0,1.0,1.0,1.0,,5.0,False,,,1.0,0.0,17.0,38.0,,,3.0,1,1,,2.0,False,,,both
1779.0,2022-09-20,2.0,2.0,0.0,17.0,38.0,1.0,1.0,1.0,7,5.0,True,6,4.0,2.0,0.0,17.0,38.0,0.0,6.0,1.0,1,1,6,2.0,True,6,4.0,both
1779.0,2022-09-21,2.0,3.0,0.0,17.0,38.0,1.0,1.0,1.0,,5.0,False,,,3.0,0.0,17.0,38.0,0.0,5.0,1.0,1,1,,2.0,False,,,both
1779.0,2022-09-22,2.0,4.0,0.0,17.0,38.0,0.0,1.0,0.0,,5.0,False,,,4.0,0.0,17.0,38.0,0.0,4.0,1.0,1,1,,2.0,False,,,both
1779.0,2022-09-23,2.0,5.0,0.0,17.0,38.0,1.0,1.0,1.0,,5.0,False,,,5.0,0.0,17.0,38.0,1.0,3.0,1.0,1,1,,2.0,False,,,both
1779.0,2022-09-24,2.0,6.0,0.0,17.0,38.0,1.0,1.0,1.0,,5.0,False,,,6.0,0.0,17.0,38.0,1.0,2.0,1.0,1,1,,2.0,False,,,both
1779.0,2022-09-25,2.0,0.0,0.0,17.0,38.0,0.0,1.0,0.0,,5.0,False,,,0.0,0.0,17.0,38.0,0.0,1.0,1.0,1,1,,2.0,False,,,both
1843.0,2022-11-07,8.0,1.0,0.0,18.0,45.0,0.0,1.0,0.0,,2.0,False,,,1.0,0.0,18.0,45.0,1.0,3.0,2.0,1,1,,1.0,False,,,both
1843.0,2022-11-08,8.0,2.0,1.0,18.0,45.0,1.0,1.0,1.0,5,2.0,True,5,2.0,2.0,1.0,18.0,45.0,1.0,2.0,1.0,1,1,5,1.0,True,5,2.0,both
1843.0,2022-11-09,8.0,3.0,0.0,18.0,45.0,0.0,1.0,0.0,,2.0,False,,,3.0,0.0,18.0,45.0,0.0,1.0,1.0,1,1,,1.0,False,,,both
1843.0,2022-11-10,8.0,4.0,0.0,18.0,45.0,,,,,2.0,False,,,4.0,0.0,18.0,45.0,,,3.0,1,1,,1.0,False,,,both
1843.0,2022-11-11,8.0,5.0,0.0,18.0,45.0,0.0,1.0,0.0,,2.0,False,,,5.0,0.0,18.0,45.0,0.0,,1.0,1,1,,1.0,False,,,both
1843.0,2022-11-12,8.0,6.0,0.0,18.0,45.0,1.0,1.0,1.0,,2.0,False,,,6.0,0.0,18.0,45.0,1.0,,1.0,1,1,,1.0,False,,,both
2004.0,2022-09-12,1.0,1.0,0.0,20.0,37.0,1.0,1.0,1.0,,7.0,False,,,1.0,0.0,20.0,37.0,1.0,,1.0,1,1,,6.0,False,,,both
2004.0,2022-09-13,1.0,2.0,0.0,20.0,37.0,1.0,1.0,1.0,7,7.0,True,6,6.0,2.0,0.0,20.0,37.0,1.0,1.0,1.0,1,1,7,6.0,True,6,6.0,both
2004.0,2022-09-14,1.0,3.0,0.0,20.0,37.0,1.0,1.0,1.0,,7.0,False,,,3.0,0.0,20.0,37.0,1.0,1.0,1.0,1,1,,6.0,False,,,both
2004.0,2022-09-15,1.0,4.0,0.0,20.0,37.0,1.0,1.0,1.0,,7.0,False,,,4.0,0.0,20.0,37.0,1.0,1.0,1.0,1,1,,6.0,False,,,both
2004.0,2022-09-16,1.0,5.0,0.0,20.0,37.0,1.0,1.0,1.0,,7.0,False,,,5.0,0.0,20.0,37.0,1.0,1.0,1.0,1,1,,6.0,False,,,both
2004.0,2022-09-17,1.0,6.0,0.0,20.0,37.0,1.0,1.0,1.0,,7.0,False,,,6.0,0.0,20.0,37.0,1.0,2.0,1.0,1,1,,6.0,False,,,both
2004.0,2022-09-18,1.0,0.0,0.0,20.0,37.0,1.0,1.0,1.0,,7.0,False,,,0.0,0.0,20.0,37.0,1.0,1.0,1.0,1,1,,6.0,False,,,both
2021.0,2022-10-17,6.0,1.0,0.0,20.0,42.0,0.0,1.0,0.0,,3.0,False,,,1.0,0.0,20.0,42.0,1.0,1.0,1.0,1,1,,4.0,False,,,both
2021.0,2022-10-18,6.0,2.0,0.0,20.0,42.0,1.0,1.0,1.0,7,3.0,True,6,4.0,2.0,0.0,20.0,42.0,1.0,2.0,1.0,1,1,7,4.0,True,6,4.0,both
2021.0,2022-10-19,6.0,3.0,0.0,20.0,42.0,1.0,1.0,1.0,,3.0,False,,,3.0,0.0,20.0,42.0,1.0,1.0,1.0,1,1,,4.0,False,,,both
2021.0,2022-10-20,6.0,4.0,0.0,20.0,42.0,1.0,1.0,1.0,,3.0,False,,,4.0,0.0,20.0,42.0,1.0,1.0,1.0,1,1,,4.0,False,,,both
2021.0,2022-10-21,6.0,5.0,0.0,20.0,42.0,0.0,1.0,0.0,,3.0,False,,,5.0,0.0,20.0,42.0,0.0,1.0,1.0,1,1,,4.0,False,,,both
2021.0,2022-10-22,6.0,6.0,0.0,20.0,42.0,0.0,0.0,0.0,,3.0,False,,,6.0,0.0,20.0,42.0,0.0,3.0,2.0,1,1,,4.0,False,,,both
2021.0,2022-10-23,6.0,0.0,0.0,20.0,42.0,0.0,0.0,0.0,,3.0,False,,,0.0,0.0,20.0,42.0,0.0,2.0,2.0,1,1,,4.0,False,,,both
2029.0,2022-10-24,7.0,1.0,1.0,20.0,43.0,0.0,1.0,0.0,,3.0,False,,,1.0,1.0,20.0,43.0,0.0,2.0,1.0,1,1,,4.0,False,,,both
2029.0,2022-10-25,7.0,2.0,0.0,20.0,43.0,0.0,1.0,0.0,7,3.0,True,5,3.0,2.0,0.0,20.0,43.0,0.0,1.0,1.0,1,1,7,4.0,True,5,3.0,both
2029.0,2022-10-26,7.0,3.0,0.0,20.0,43.0,1.0,1.0,1.0,,3.0,False,,,3.0,0.0,20.0,43.0,1.0,1.0,1.0,1,1,,4.0,False,,,both
2029.0,2022-10-27,7.0,4.0,0.0,20.0,43.0,1.0,1.0,1.0,,3.0,False,,,4.0,0.0,20.0,43.0,1.0,1.0,1.0,1,1,,4.0,False,,,both
2029.0,2022-10-28,7.0,5.0,0.0,20.0,43.0,0.0,1.0,0.0,,3.0,False,,,5.0,0.0,20.0,43.0,1.0,3.0,1.0,1,1,,4.0,False,,,both
2029.0,2022-10-29,7.0,6.0,0.0,20.0,43.0,1.0,1.0,1.0,,3.0,False,,,6.0,0.0,20.0,43.0,1.0,2.0,1.0,1,1,,4.0,False,,,both
2029.0,2022-10-30,7.0,0.0,0.0,20.0,43.0,0.0,1.0,0.0,,3.0,False,,,0.0,0.0,20.0,43.0,0.0,1.0,1.0,1,1,,4.0,False,,,both
2107.0,2022-05-23,1.0,1.0,0.0,1.0,21.0,0.0,1.0,0.0,,0.0,False,,,1.0,0.0,1.0,21.0,1.0,1.0,1.0,1,1,,1.0,False,,,both
2107.0,2022-05-24,1.0,2.0,0.0,1.0,21.0,,,,1,0.0,True,6,1.0,2.0,0.0,1.0,21.0,,,3.0,1,1,1,1.0,True,6,1.0,both
2107.0,2022-05-25,1.0,3.0,0.0,1.0,21.0,,,,,0.0,False,,,3.0,0.0,1.0,21.0,,,3.0,1,1,,1.0,False,,,both
2107.0,2022-05-26,1.0,4.0,0.0,1.0,21.0,,,,,0.0,False,,,4.0,0.0,1.0,21.0,,,3.0,1,1,,1.0,False,,,both
2107.0,2022-05-27,1.0,5.0,0.0,1.0,21.0,,,,,0.0,False,,,5.0,0.0,1.0,21.0,,,3.0,1,1,,1.0,False,,,both
2107.0,2022-05-28,1.0,6.0,0.0,1.0,21.0,,,,,0.0,False,,,6.0,0.0,1.0,21.0,,,3.0,1,1,,1.0,False,,,both
2107.0,2022-05-29,1.0,0.0,0.0,1.0,21.0,,,,,0.0,False,,,0.0,0.0,1.0,21.0,,,3.0,1,1,,1.0,False,,,both
2110.0,2022-06-13,4.0,1.0,0.0,1.0,24.0,1.0,1.0,1.0,,3.0,False,,,1.0,0.0,1.0,24.0,1.0,1.0,1.0,1,1,,4.0,False,,,both
2110.0,2022-06-14,4.0,2.0,0.0,1.0,24.0,0.0,1.0,0.0,7,3.0,True,6,6.0,2.0,0.0,1.0,24.0,0.0,1.0,1.0,1,1,7,4.0,True,6,6.0,both
2110.0,2022-06-15,4.0,3.0,0.0,1.0,24.0,1.0,1.0,1.0,,3.0,False,,,3.0,0.0,1.0,24.0,1.0,1.0,1.0,1,1,,4.0,False,,,both
2110.0,2022-06-16,4.0,4.0,0.0,1.0,24.0,0.0,1.0,0.0,,3.0,False,,,4.0,0.0,1.0,24.0,0.0,1.0,1.0,1,1,,4.0,False,,,both
2110.0,2022-06-17,4.0,5.0,0.0,1.0,24.0,1.0,0.0,1.0,,3.0,False,,,5.0,0.0,1.0,24.0,1.0,1.0,1.0,1,1,,4.0,False,,,both
2110.0,2022-06-18,4.0,6.0,0.0,1.0,24.0,1.0,1.0,1.0,,3.0,False,,,6.0,0.0,1.0,24.0,1.0,3.0,1.0,1,1,,4.0,False,,,both
2110.0,2022-06-19,4.0,0.0,0.0,1.0,24.0,0.0,1.0,0.0,,3.0,False,,,0.0,0.0,1.0,24.0,0.0,2.0,1.0,1,1,,4.0,False,,,both
2129.0,2022-05-23,1.0,1.0,0.0,1.0,21.0,0.0,1.0,0.0,,4.0,False,,,1.0,0.0,1.0,21.0,0.0,4.0,1.0,1,1,,2.0,False,,,both
2129.0,2022-05-24,1.0,2.0,0.0,1.0,21.0,0.0,1.0,0.0,7,4.0,True,6,3.0,2.0,0.0,1.0,21.0,0.0,3.0,1.0,1,1,7,2.0,True,6,3.0,both
2129.0,2022-05-25,1.0,3.0,0.0,1.0,21.0,0.0,1.0,0.0,,4.0,False,,,3.0,0.0,1.0,21.0,0.0,2.0,1.0,1,1,,2.0,False,,,both
2129.0,2022-05-26,1.0,4.0,0.0,1.0,21.0,1.0,1.0,1.0,,4.0,False,,,4.0,0.0,1.0,21.0,1.0,1.0,1.0,1,1,,2.0,False,,,both
2129.0,2022-05-27,1.0,5.0,0.0,1.0,21.0,1.0,1.0,1.0,,4.0,False,,,5.0,0.0,1.0,21.0,1.0,1.0,1.0,1,1,,2.0,False,,,both
2129.0,2022-05-28,1.0,6.0,0.0,1.0,21.0,1.0,1.0,1.0,,4.0,False,,,6.0,0.0,1.0,21.0,1.0,,1.0,1,1,,2.0,False,,,both
2129.0,2022-05-29,1.0,0.0,0.0,1.0,21.0,1.0,1.0,1.0,,4.0,False,,,0.0,0.0,1.0,21.0,1.0,,1.0,1,1,,2.0,False,,,both
2149.0,2022-06-13,4.0,1.0,0.0,1.0,24.0,1.0,1.0,1.0,,5.0,False,,,1.0,0.0,1.0,24.0,1.0,1.0,1.0,1,1,,6.0,False,,,both
2149.0,2022-06-14,4.0,2.0,0.0,1.0,24.0,1.0,1.0,1.0,7,5.0,True,6,5.0,2.0,0.0,1.0,24.0,1.0,1.0,1.0,1,1,7,6.0,True,6,5.0,both
2149.0,2022-06-15,4.0,3.0,0.0,1.0,24.0,1.0,1.0,1.0,,5.0,False,,,3.0,0.0,1.0,24.0,1.0,1.0,1.0,1,1,,6.0,False,,,both
2149.0,2022-06-16,4.0,4.0,0.0,1.0,24.0,1.0,0.0,1.0,,5.0,False,,,4.0,0.0,1.0,24.0,1.0,1.0,2.0,1,1,,6.0,False,,,both
2149.0,2022-06-17,4.0,5.0,0.0,1.0,24.0,1.0,0.0,1.0,,5.0,False,,,5.0,0.0,1.0,24.0,1.0,1.0,1.0,1,1,,6.0,False,,,both
2149.0,2022-06-18,4.0,6.0,0.0,1.0,24.0,1.0,1.0,1.0,,5.0,False,,,6.0,0.0,1.0,24.0,1.0,3.0,1.0,1,1,,6.0,False,,,both
2149.0,2022-06-19,4.0,0.0,0.0,1.0,24.0,1.0,1.0,1.0,,5.0,False,,,0.0,0.0,1.0,24.0,1.0,2.0,1.0,1,1,,6.0,False,,,both
6803.0,2022-09-12,1.0,1.0,0.0,17.0,37.0,0.0,1.0,0.0,,0.0,False,,,1.0,0.0,17.0,37.0,0.0,3.0,2.0,0,1,,,False,,,both
6803.0,2022-09-13,1.0,2.0,0.0,17.0,37.0,0.0,1.0,0.0,7,0.0,True,6,1.0,2.0,0.0,17.0,37.0,0.0,2.0,2.0,0,1,7,,False,6,1.0,both
6803.0,2022-09-14,1.0,3.0,0.0,17.0,37.0,0.0,1.0,0.0,,0.0,False,,,3.0,0.0,17.0,37.0,0.0,1.0,2.0,0,1,,,False,,,both
6803.0,2022-09-15,1.0,4.0,0.0,17.0,37.0,,,0.0,,0.0,False,,,4.0,0.0,17.0,37.0,0.0,,2.0,0,1,,,False,,,both
6803.0,2022-09-16,1.0,5.0,0.0,17.0,37.0,0.0,0.0,0.0,,0.0,False,,,5.0,0.0,17.0,37.0,0.0,7.0,2.0,0,1,,,False,,,both
6803.0,2022-09-17,1.0,6.0,0.0,17.0,37.0,0.0,0.0,0.0,,0.0,False,,,6.0,0.0,17.0,37.0,0.0,6.0,2.0,0,1,,,False,,,both
6803.0,2022-09-18,1.0,0.0,0.0,17.0,37.0,0.0,0.0,0.0,,0.0,False,,,0.0,0.0,17.0,37.0,0.0,5.0,2.0,0,1,,,False,,,both
6826.0,2022-10-24,7.0,1.0,1.0,17.0,43.0,,,,,0.0,False,,,1.0,1.0,17.0,43.0,,,3.0,1,0,,,False,,,both
6826.0,2022-10-25,7.0,2.0,0.0,17.0,43.0,0.0,1.0,0.0,6,0.0,True,5,0.0,2.0,0.0,17.0,43.0,0.0,,1.0,1,0,6,,False,5,0.0,both
6826.0,2022-10-26,7.0,3.0,0.0,17.0,43.0,0.0,1.0,0.0,,0.0,False,,,3.0,0.0,17.0,43.0,0.0,,1.0,1,0,,,False,,,both
6826.0,2022-10-27,7.0,4.0,0.0,17.0,43.0,0.0,1.0,0.0,,0.0,False,,,4.0,0.0,17.0,43.0,0.0,,1.0,1,0,,,False,,,both
6826.0,2022-10-28,7.0,5.0,0.0,17.0,43.0,0.0,1.0,0.0,,0.0,False,,,5.0,0.0,17.0,43.0,0.0,,1.0,1,0,,,False,,,both
6826.0,2022-10-29,7.0,6.0,0.0,17.0,43.0,0.0,1.0,0.0,,0.0,False,,,6.0,0.0,17.0,43.0,0.0,,1.0,1,0,,,False,,,both
6826.0,2022-10-30,7.0,0.0,0.0,17.0,43.0,0.0,1.0,0.0,,0.0,False,,,0.0,0.0,17.0,43.0,0.0,,1.0,1,0,,,False,,,both
6826.0,2022-10-31,8.0,1.0,0.0,17.0,44.0,0.0,1.0,0.0,,0.0,False,,,1.0,0.0,17.0,44.0,0.0,,1.0,1,0,,,False,,,both
6826.0,2022-11-01,8.0,2.0,0.0,17.0,44.0,,,,1,0.0,True,5,1.0,2.0,0.0,17.0,44.0,,,3.0,1,0,1,,False,5,1.0,both
6826.0,2022-11-02,8.0,3.0,1.0,17.0,44.0,,,,,0.0,False,,,3.0,1.0,17.0,44.0,,,3.0,1,0,,,False,,,both
6826.0,2022-11-03,8.0,4.0,0.0,17.0,44.0,,,,,0.0,False,,,4.0,0.0,17.0,44.0,,,3.0,1,0,,,False,,,both
6826.0,2022-11-04,8.0,5.0,0.0,17.0,44.0,,,,,0.0,False,,,5.0,0.0,17.0,44.0,,,3.0,1,0,,,False,,,both
6826.0,2022-11-05,8.0,6.0,0.0,17.0,44.0,,,,,0.0,False,,,6.0,0.0,17.0,44.0,,,3.0,1,0,,,False,,,both
6843.0,2022-10-17,6.0,1.0,0.0,17.0,42.0,1.0,1.0,1.0,,6.0,False,,,1.0,0.0,17.0,42.0,1.0,1.0,1.0,1,1,,5.0,False,,,both
6843.0,2022-10-18,6.0,2.0,0.0,17.0,42.0,1.0,1.0,1.0,7,6.0,True,6,5.0,2.0,0.0,17.0,42.0,1.0,1.0,1.0,1,1,7,5.0,True,6,5.0,both
6843.0,2022-10-19,6.0,3.0,0.0,17.0,42.0,1.0,1.0,1.0,,6.0,False,,,3.0,0.0,17.0,42.0,1.0,1.0,1.0,1,1,,5.0,False,,,both
6843.0,2022-10-20,6.0,4.0,0.0,17.0,42.0,1.0,1.0,1.0,,6.0,False,,,4.0,0.0,17.0,42.0,1.0,2.0,1.0,1,1,,5.0,False,,,both
6843.0,2022-10-21,6.0,5.0,0.0,17.0,42.0,1.0,1.0,1.0,,6.0,False,,,5.0,0.0,17.0,42.0,1.0,1.0,1.0,1,1,,5.0,False,,,both
6843.0,2022-10-22,6.0,6.0,0.0,17.0,42.0,1.0,1.0,1.0,,6.0,False,,,6.0,0.0,17.0,42.0,1.0,4.0,2.0,1,1,,5.0,False,,,both
6843.0,2022-10-23,6.0,0.0,0.0,17.0,42.0,0.0,1.0,0.0,,6.0,False,,,0.0,0.0,17.0,42.0,0.0,3.0,2.0,1,1,,5.0,False,,,both
6848.0,2022-10-10,6.0,1.0,0.0,17.0,41.0,0.0,1.0,0.0,,5.0,False,,,1.0,0.0,17.0,41.0,1.0,1.0,1.0,1,1,,6.0,False,,,both
6848.0,2022-10-11,6.0,2.0,0.0,17.0,41.0,1.0,1.0,1.0,7,5.0,True,6,4.0,2.0,0.0,17.0,41.0,1.0,1.0,1.0,1,1,7,6.0,True,6,4.0,both
6848.0,2022-10-12,6.0,3.0,0.0,17.0,41.0,1.0,1.0,1.0,,5.0,False,,,3.0,0.0,17.0,41.0,1.0,3.0,1.0,1,1,,6.0,False,,,both
6848.0,2022-10-13,6.0,4.0,0.0,17.0,41.0,1.0,1.0,1.0,,5.0,False,,,4.0,0.0,17.0,41.0,1.0,2.0,1.0,1,1,,6.0,False,,,both
6848.0,2022-10-14,6.0,5.0,0.0,17.0,41.0,0.0,1.0,0.0,,5.0,False,,,5.0,0.0,17.0,41.0,0.0,1.0,1.0,1,1,,6.0,False,,,both
6848.0,2022-10-15,6.0,6.0,0.0,17.0,41.0,1.0,1.0,1.0,,5.0,False,,,6.0,0.0,17.0,41.0,1.0,2.0,1.0,1,1,,6.0,False,,,both
6848.0,2022-10-16,6.0,0.0,0.0,17.0,41.0,1.0,1.0,1.0,,5.0,False,,,0.0,0.0,17.0,41.0,1.0,1.0,1.0,1,1,,6.0,False,,,both
6860.0,2022-11-14,8.0,1.0,0.0,17.0,46.0,1.0,1.0,1.0,,3.0,False,,,1.0,0.0,17.0,46.0,1.0,2.0,1.0,1,1,,1.0,False,,,both
6860.0,2022-11-15,8.0,2.0,0.0,17.0,46.0,0.0,1.0,0.0,6,3.0,True,6,1.0,2.0,0.0,17.0,46.0,0.0,1.0,1.0,1,1,6,1.0,True,6,1.0,both
6860.0,2022-11-16,8.0,3.0,0.0,17.0,46.0,0.0,1.0,0.0,,3.0,False,,,3.0,0.0,17.0,46.0,0.0,,1.0,1,1,,1.0,False,,,both
6860.0,2022-11-17,8.0,4.0,0.0,17.0,46.0,1.0,1.0,1.0,,3.0,False,,,4.0,0.0,17.0,46.0,1.0,,1.0,1,1,,1.0,False,,,both
6860.0,2022-11-18,8.0,5.0,0.0,17.0,46.0,1.0,1.0,1.0,,3.0,False,,,5.0,0.0,17.0,46.0,1.0,,1.0,1,1,,1.0,False,,,both
6860.0,2022-11-19,8.0,6.0,0.0,17.0,46.0,0.0,1.0,0.0,,3.0,False,,,6.0,0.0,17.0,46.0,0.0,,1.0,1,1,,1.0,False,,,both
6863.0,2022-11-14,8.0,1.0,0.0,17.0,46.0,0.0,1.0,0.0,,0.0,False,,,1.0,0.0,17.0,46.0,0.0,,1.0,1,0,,,False,,,both
6863.0,2022-11-15,8.0,2.0,0.0,17.0,46.0,0.0,1.0,0.0,6,0.0,True,6,0.0,2.0,0.0,17.0,46.0,0.0,,1.0,1,0,6,,False,6,0.0,both
6863.0,2022-11-16,8.0,3.0,0.0,17.0,46.0,0.0,1.0,0.0,,0.0,False,,,3.0,0.0,17.0,46.0,0.0,,1.0,1,0,,,False,,,both
6863.0,2022-11-17,8.0,4.0,0.0,17.0,46.0,0.0,1.0,0.0,,0.0,False,,,4.0,0.0,17.0,46.0,0.0,,1.0,1,0,,,False,,,both
6863.0,2022-11-18,8.0,5.0,0.0,17.0,46.0,0.0,1.0,0.0,,0.0,False,,,5.0,0.0,17.0,46.0,0.0,,1.0,1,0,,,False,,,both
6863.0,2022-11-19,8.0,6.0,0.0,17.0,46.0,0.0,1.0,0.0,,0.0,False,,,6.0,0.0,17.0,46.0,0.0,,1.0,1,0,,,False,,,both
6867.0,2022-10-03,2.0,1.0,0.0,17.0,40.0,,,,,0.0,False,,,1.0,0.0,17.0,40.0,,,3.0,0,0,,,False,,,both
6867.0,2022-10-04,2.0,2.0,0.0,17.0,40.0,0.0,0.0,0.0,6,0.0,True,5,0.0,2.0,0.0,17.0,40.0,0.0,,2.0,0,0,6,,False,5,0.0,both
6867.0,2022-10-05,2.0,3.0,1.0,17.0,40.0,0.0,1.0,0.0,,0.0,False,,,3.0,1.0,17.0,40.0,0.0,,2.0,0,0,,,False,,,both
6867.0,2022-10-06,2.0,4.0,0.0,17.0,40.0,0.0,1.0,0.0,,0.0,False,,,4.0,0.0,17.0,40.0,0.0,,2.0,0,0,,,False,,,both
6867.0,2022-10-07,2.0,5.0,0.0,17.0,40.0,0.0,1.0,0.0,,0.0,False,,,5.0,0.0,17.0,40.0,0.0,,2.0,0,0,,,False,,,both
6867.0,2022-10-08,2.0,6.0,0.0,17.0,40.0,0.0,1.0,0.0,,0.0,False,,,6.0,0.0,17.0,40.0,0.0,,2.0,0,0,,,False,,,both
6867.0,2022-10-09,2.0,0.0,0.0,17.0,40.0,0.0,1.0,0.0,,0.0,False,,,0.0,0.0,17.0,40.0,0.0,,2.0,0,0,,,False,,,both
6867.0,2022-10-10,3.0,1.0,0.0,17.0,41.0,0.0,1.0,0.0,,1.0,False,,,1.0,0.0,17.0,41.0,0.0,,2.0,1,0,,,False,,,both
6867.0,2022-10-11,3.0,2.0,0.0,17.0,41.0,0.0,1.0,0.0,7,1.0,True,6,3.0,2.0,0.0,17.0,41.0,0.0,,1.0,1,0,7,,False,6,3.0,both
6867.0,2022-10-12,3.0,3.0,0.0,17.0,41.0,1.0,1.0,1.0,,1.0,False,,,3.0,0.0,17.0,41.0,1.0,,1.0,1,0,,,False,,,both
6867.0,2022-10-13,3.0,4.0,0.0,17.0,41.0,0.0,1.0,0.0,,1.0,False,,,4.0,0.0,17.0,41.0,0.0,,1.0,1,0,,,False,,,both
6867.0,2022-10-14,3.0,5.0,0.0,17.0,41.0,0.0,1.0,0.0,,1.0,False,,,5.0,0.0,17.0,41.0,0.0,,1.0,1,0,,,False,,,both
6867.0,2022-10-15,3.0,6.0,0.0,17.0,41.0,0.0,1.0,0.0,,1.0,False,,,6.0,0.0,17.0,41.0,0.0,,1.0,1,0,,,False,,,both
6867.0,2022-10-16,3.0,0.0,0.0,17.0,41.0,0.0,1.0,0.0,,1.0,False,,,0.0,0.0,17.0,41.0,0.0,,1.0,1,0,,,False,,,both
6867.0,2022-10-17,4.0,1.0,0.0,17.0,42.0,0.0,1.0,0.0,,2.0,False,,,1.0,0.0,17.0,42.0,0.0,,1.0,1,0,,,False,,,both
6867.0,2022-10-18,4.0,2.0,0.0,17.0,42.0,0.0,1.0,0.0,5,2.0,True,6,4.0,2.0,0.0,17.0,42.0,0.0,,1.0,1,0,5,,False,6,4.0,both
6867.0,2022-10-19,4.0,3.0,0.0,17.0,42.0,1.0,1.0,1.0,,2.0,False,,,3.0,0.0,17.0,42.0,1.0,,1.0,1,0,,,False,,,both
6867.0,2022-10-20,4.0,4.0,0.0,17.0,42.0,1.0,1.0,1.0,,2.0,False,,,4.0,0.0,17.0,42.0,1.0,,1.0,1,0,,,False,,,both
6867.0,2022-10-21,4.0,5.0,0.0,17.0,42.0,0.0,1.0,0.0,,2.0,False,,,5.0,0.0,17.0,42.0,0.0,,1.0,1,0,,,False,,,both
6867.0,2022-10-22,4.0,6.0,0.0,17.0,42.0,,,,,2.0,False,,,6.0,0.0,17.0,42.0,,,3.0,1,0,,,False,,,both
6867.0,2022-10-23,4.0,0.0,0.0,17.0,42.0,,,,,2.0,False,,,0.0,0.0,17.0,42.0,,,3.0,1,0,,,False,,,both
6867.0,2022-10-24,5.0,1.0,1.0,17.0,43.0,,,,,0.0,False,,,1.0,1.0,17.0,43.0,,,3.0,1,0,,,False,,,both
6867.0,2022-10-25,5.0,2.0,0.0,17.0,43.0,0.0,1.0,0.0,2,0.0,True,5,1.0,2.0,0.0,17.0,43.0,0.0,,1.0,1,0,2,,False,5,1.0,both
6867.0,2022-10-26,5.0,3.0,0.0,17.0,43.0,,,,,0.0,False,,,3.0,0.0,17.0,43.0,,,3.0,1,0,,,False,,,both
6867.0,2022-10-27,5.0,4.0,0.0,17.0,43.0,,,,,0.0,False,,,4.0,0.0,17.0,43.0,,,3.0,1,0,,,False,,,both
6867.0,2022-10-28,5.0,5.0,0.0,17.0,43.0,,,,,0.0,False,,,5.0,0.0,17.0,43.0,,,3.0,1,0,,,False,,,both
6867.0,2022-10-29,5.0,6.0,0.0,17.0,43.0,,,,,0.0,False,,,6.0,0.0,17.0,43.0,,,3.0,1,0,,,False,,,both
6867.0,2022-10-30,5.0,0.0,0.0,17.0,43.0,0.0,1.0,0.0,,0.0,False,,,0.0,0.0,17.0,43.0,0.0,,1.0,1,0,,,False,,,both
6869.0,2022-11-14,8.0,1.0,0.0,17.0,46.0,1.0,1.0,1.0,,5.0,False,,,1.0,0.0,17.0,46.0,1.0,4.0,1.0,1,1,,3.0,False,,,both
6869.0,2022-11-15,8.0,2.0,0.0,17.0,46.0,1.0,1.0,1.0,6,5.0,True,6,2.0,2.0,0.0,17.0,46.0,1.0,3.0,1.0,1,1,6,3.0,True,6,2.0,both
6869.0,2022-11-16,8.0,3.0,0.0,17.0,46.0,1.0,1.0,1.0,,5.0,False,,,3.0,0.0,17.0,46.0,1.0,2.0,1.0,1,1,,3.0,False,,,both
6869.0,2022-11-17,8.0,4.0,0.0,17.0,46.0,0.0,1.0,0.0,,5.0,False,,,4.0,0.0,17.0,46.0,0.0,1.0,1.0,1,1,,3.0,False,,,both
6869.0,2022-11-18,8.0,5.0,0.0,17.0,46.0,1.0,1.0,1.0,,5.0,False,,,5.0,0.0,17.0,46.0,1.0,,1.0,1,1,,3.0,False,,,both
6869.0,2022-11-19,8.0,6.0,0.0,17.0,46.0,1.0,1.0,1.0,,5.0,False,,,6.0,0.0,17.0,46.0,1.0,,1.0,1,1,,3.0,False,,,both
6873.0,2022-11-07,7.0,1.0,0.0,17.0,45.0,0.0,1.0,0.0,,1.0,False,,,1.0,0.0,17.0,45.0,0.0,4.0,2.0,1,1,,0.0,False,,,both
6873.0,2022-11-08,7.0,2.0,1.0,17.0,45.0,0.0,1.0,0.0,7,1.0,True,5,1.0,2.0,1.0,17.0,45.0,0.0,4.0,1.0,1,1,7,0.0,True,5,1.0,both
6873.0,2022-11-09,7.0,3.0,0.0,17.0,45.0,0.0,1.0,0.0,,1.0,False,,,3.0,0.0,17.0,45.0,0.0,3.0,1.0,1,1,,0.0,False,,,both
6873.0,2022-11-10,7.0,4.0,0.0,17.0,45.0,1.0,1.0,1.0,,1.0,False,,,4.0,0.0,17.0,45.0,1.0,4.0,2.0,1,1,,0.0,False,,,both
6873.0,2022-11-11,7.0,5.0,0.0,17.0,45.0,0.0,1.0,0.0,,1.0,False,,,5.0,0.0,17.0,45.0,0.0,3.0,2.0,1,1,,0.0,False,,,both
6873.0,2022-11-12,7.0,6.0,0.0,17.0,45.0,0.0,1.0,0.0,,1.0,False,,,6.0,0.0,17.0,45.0,0.0,2.0,1.0,1,1,,0.0,False,,,both
6873.0,2022-11-13,7.0,0.0,0.0,17.0,45.0,0.0,1.0,0.0,,1.0,False,,,0.0,0.0,17.0,45.0,0.0,4.0,1.0,1,1,,0.0,False,,,both
6875.0,2022-11-14,8.0,1.0,0.0,17.0,46.0,1.0,1.0,1.0,,5.0,False,,,1.0,0.0,17.0,46.0,1.0,2.0,1.0,1,1,,2.0,False,,,both
6875.0,2022-11-15,8.0,2.0,0.0,17.0,46.0,1.0,1.0,1.0,6,5.0,True,6,1.0,2.0,0.0,17.0,46.0,1.0,1.0,1.0,1,1,6,2.0,True,6,1.0,both
6875.0,2022-11-16,8.0,3.0,0.0,17.0,46.0,0.0,1.0,0.0,,5.0,False,,,3.0,0.0,17.0,46.0,0.0,,1.0,1,1,,2.0,False,,,both
6875.0,2022-11-17,8.0,4.0,0.0,17.0,46.0,1.0,1.0,1.0,,5.0,False,,,4.0,0.0,17.0,46.0,1.0,,1.0,1,1,,2.0,False,,,both
6875.0,2022-11-18,8.0,5.0,0.0,17.0,46.0,1.0,1.0,1.0,,5.0,False,,,5.0,0.0,17.0,46.0,1.0,,1.0,1,1,,2.0,False,,,both
6875.0,2022-11-19,8.0,6.0,0.0,17.0,46.0,1.0,1.0,1.0,,5.0,False,,,6.0,0.0,17.0,46.0,1.0,,1.0,1,1,,2.0,False,,,both
6889.0,2022-11-14,8.0,1.0,0.0,17.0,46.0,0.0,1.0,0.0,,0.0,False,,,1.0,0.0,17.0,46.0,0.0,,1.0,1,0,,,False,,,both
6889.0,2022-11-15,8.0,2.0,0.0,17.0,46.0,0.0,1.0,0.0,6,0.0,True,6,0.0,2.0,0.0,17.0,46.0,0.0,,1.0,1,0,6,,False,6,0.0,both
6889.0,2022-11-16,8.0,3.0,0.0,17.0,46.0,0.0,1.0,0.0,,0.0,False,,,3.0,0.0,17.0,46.0,0.0,,1.0,1,0,,,False,,,both
6889.0,2022-11-17,8.0,4.0,0.0,17.0,46.0,0.0,1.0,0.0,,0.0,False,,,4.0,0.0,17.0,46.0,0.0,,1.0,1,0,,,False,,,both
6889.0,2022-11-18,8.0,5.0,0.0,17.0,46.0,0.0,1.0,0.0,,0.0,False,,,5.0,0.0,17.0,46.0,0.0,,1.0,1,0,,,False,,,both
6889.0,2022-11-19,8.0,6.0,0.0,17.0,46.0,0.0,1.0,0.0,,0.0,False,,,6.0,0.0,17.0,46.0,0.0,,1.0,1,0,,,False,,,both
7722.0,2022-10-10,3.0,1.0,0.0,16.0,41.0,0.0,0.0,0.0,,0.0,False,,,1.0,0.0,16.0,41.0,0.0,,2.0,1,0,,,False,,,both
7722.0,2022-10-11,3.0,2.0,0.0,16.0,41.0,0.0,1.0,0.0,7,0.0,True,6,0.0,2.0,0.0,16.0,41.0,0.0,,2.0,1,0,7,,False,6,0.0,both
7722.0,2022-10-12,3.0,3.0,0.0,16.0,41.0,0.0,1.0,0.0,,0.0,False,,,3.0,0.0,16.0,41.0,0.0,,2.0,1,0,,,False,,,both
7722.0,2022-10-13,3.0,4.0,0.0,16.0,41.0,0.0,1.0,0.0,,0.0,False,,,4.0,0.0,16.0,41.0,0.0,,2.0,1,0,,,False,,,both
7722.0,2022-10-14,3.0,5.0,0.0,16.0,41.0,0.0,1.0,0.0,,0.0,False,,,5.0,0.0,16.0,41.0,0.0,,2.0,1,0,,,False,,,both
7722.0,2022-10-15,3.0,6.0,0.0,16.0,41.0,0.0,1.0,0.0,,0.0,False,,,6.0,0.0,16.0,41.0,0.0,,1.0,1,0,,,False,,,both
7722.0,2022-10-16,3.0,0.0,0.0,16.0,41.0,0.0,1.0,0.0,,0.0,False,,,0.0,0.0,16.0,41.0,0.0,,1.0,1,0,,,False,,,both
7722.0,2022-10-17,4.0,1.0,0.0,16.0,42.0,0.0,1.0,0.0,,2.0,False,,,1.0,0.0,16.0,42.0,0.0,,1.0,1,0,,,False,,,both
7722.0,2022-10-18,4.0,2.0,0.0,16.0,42.0,0.0,1.0,0.0,7,2.0,True,6,2.0,2.0,0.0,16.0,42.0,0.0,,1.0,1,0,7,,False,6,2.0,both
7722.0,2022-10-19,4.0,3.0,0.0,16.0,42.0,1.0,1.0,1.0,,2.0,False,,,3.0,0.0,16.0,42.0,1.0,,1.0,1,0,,,False,,,both
7722.0,2022-10-20,4.0,4.0,0.0,16.0,42.0,1.0,1.0,1.0,,2.0,False,,,4.0,0.0,16.0,42.0,1.0,,1.0,1,0,,,False,,,both
7722.0,2022-10-21,4.0,5.0,0.0,16.0,42.0,0.0,1.0,0.0,,2.0,False,,,5.0,0.0,16.0,42.0,0.0,,1.0,1,0,,,False,,,both
7722.0,2022-10-22,4.0,6.0,0.0,16.0,42.0,0.0,1.0,0.0,,2.0,False,,,6.0,0.0,16.0,42.0,0.0,,1.0,1,0,,,False,,,both
7722.0,2022-10-23,4.0,0.0,0.0,16.0,42.0,0.0,1.0,0.0,,2.0,False,,,0.0,0.0,16.0,42.0,0.0,,1.0,1,0,,,False,,,both
7722.0,2022-10-24,5.0,1.0,1.0,16.0,43.0,0.0,1.0,0.0,,4.0,False,,,1.0,1.0,16.0,43.0,0.0,,1.0,1,1,,2.0,False,,,both
7722.0,2022-10-25,5.0,2.0,0.0,16.0,43.0,1.0,1.0,1.0,7,4.0,True,5,3.0,2.0,0.0,16.0,43.0,1.0,,1.0,1,1,7,2.0,True,5,3.0,both
7722.0,2022-10-26,5.0,3.0,0.0,16.0,43.0,0.0,1.0,0.0,,4.0,False,,,3.0,0.0,16.0,43.0,0.0,,1.0,1,1,,2.0,False,,,both
7722.0,2022-10-27,5.0,4.0,0.0,16.0,43.0,1.0,1.0,1.0,,4.0,False,,,4.0,0.0,16.0,43.0,1.0,,1.0,1,1,,2.0,False,,,both
7722.0,2022-10-28,5.0,5.0,0.0,16.0,43.0,1.0,1.0,1.0,,4.0,False,,,5.0,0.0,16.0,43.0,1.0,7.0,1.0,1,1,,2.0,False,,,both
7722.0,2022-10-29,5.0,6.0,0.0,16.0,43.0,1.0,1.0,1.0,,4.0,False,,,6.0,0.0,16.0,43.0,1.0,6.0,1.0,1,1,,2.0,False,,,both
7722.0,2022-10-30,5.0,0.0,0.0,16.0,43.0,0.0,1.0,0.0,,4.0,False,,,0.0,0.0,16.0,43.0,0.0,5.0,1.0,1,1,,2.0,False,,,both
7722.0,2022-11-07,7.0,1.0,0.0,16.0,45.0,1.0,1.0,1.0,,3.0,False,,,1.0,0.0,16.0,45.0,1.0,3.0,2.0,1,1,,2.0,False,,,both
7722.0,2022-11-08,7.0,2.0,1.0,16.0,45.0,0.0,1.0,0.0,7,3.0,True,5,1.0,2.0,1.0,16.0,45.0,0.0,2.0,1.0,1,1,7,2.0,True,5,1.0,both
7722.0,2022-11-09,7.0,3.0,0.0,16.0,45.0,1.0,1.0,1.0,,3.0,False,,,3.0,0.0,16.0,45.0,1.0,5.0,1.0,1,1,,2.0,False,,,both
7722.0,2022-11-10,7.0,4.0,0.0,16.0,45.0,1.0,1.0,1.0,,3.0,False,,,4.0,0.0,16.0,45.0,1.0,5.0,1.0,1,1,,2.0,False,,,both
7722.0,2022-11-11,7.0,5.0,0.0,16.0,45.0,0.0,1.0,0.0,,3.0,False,,,5.0,0.0,16.0,45.0,0.0,5.0,1.0,1,1,,2.0,False,,,both
7722.0,2022-11-12,7.0,6.0,0.0,16.0,45.0,0.0,1.0,0.0,,3.0,False,,,6.0,0.0,16.0,45.0,0.0,5.0,1.0,1,1,,2.0,False,,,both
7722.0,2022-11-13,7.0,0.0,0.0,16.0,45.0,0.0,1.0,0.0,,3.0,False,,,0.0,0.0,16.0,45.0,0.0,5.0,1.0,1,1,,2.0,False,,,both
7728.0,2022-10-03,2.0,1.0,0.0,16.0,40.0,,,,,0.0,False,,,1.0,0.0,16.0,40.0,,,3.0,1,0,,,False,,,both
7728.0,2022-10-04,2.0,2.0,0.0,16.0,40.0,0.0,1.0,0.0,6,0.0,True,5,0.0,2.0,0.0,16.0,40.0,0.0,,1.0,1,0,6,,False,5,0.0,both
7728.0,2022-10-05,2.0,3.0,1.0,16.0,40.0,0.0,1.0,0.0,,0.0,False,,,3.0,1.0,16.0,40.0,0.0,,1.0,1,0,,,False,,,both
7728.0,2022-10-06,2.0,4.0,0.0,16.0,40.0,0.0,1.0,0.0,,0.0,False,,,4.0,0.0,16.0,40.0,0.0,,1.0,1,0,,,False,,,both
7728.0,2022-10-07,2.0,5.0,0.0,16.0,40.0,0.0,1.0,0.0,,0.0,False,,,5.0,0.0,16.0,40.0,0.0,,1.0,1,0,,,False,,,both
7728.0,2022-10-08,2.0,6.0,0.0,16.0,40.0,0.0,1.0,0.0,,0.0,False,,,6.0,0.0,16.0,40.0,0.0,,1.0,1,0,,,False,,,both
7728.0,2022-10-09,2.0,0.0,0.0,16.0,40.0,0.0,1.0,0.0,,0.0,False,,,0.0,0.0,16.0,40.0,0.0,,1.0,1,0,,,False,,,both
7728.0,2022-10-10,3.0,1.0,0.0,16.0,41.0,0.0,1.0,0.0,,0.0,False,,,1.0,0.0,16.0,41.0,0.0,,1.0,1,0,,,False,,,both
7728.0,2022-10-11,3.0,2.0,0.0,16.0,41.0,0.0,1.0,0.0,6,0.0,True,6,2.0,2.0,0.0,16.0,41.0,0.0,,1.0,1,0,6,,False,6,2.0,both
7728.0,2022-10-12,3.0,3.0,0.0,16.0,41.0,,,,,0.0,False,,,3.0,0.0,16.0,41.0,,,3.0,1,0,,,False,,,both
7728.0,2022-10-13,3.0,4.0,0.0,16.0,41.0,0.0,1.0,0.0,,0.0,False,,,4.0,0.0,16.0,41.0,0.0,,1.0,1,0,,,False,,,both
7728.0,2022-10-14,3.0,5.0,0.0,16.0,41.0,0.0,1.0,0.0,,0.0,False,,,5.0,0.0,16.0,41.0,0.0,,1.0,1,0,,,False,,,both
7728.0,2022-10-15,3.0,6.0,0.0,16.0,41.0,0.0,1.0,0.0,,0.0,False,,,6.0,0.0,16.0,41.0,0.0,,1.0,1,0,,,False,,,both
7728.0,2022-10-16,3.0,0.0,0.0,16.0,41.0,0.0,1.0,0.0,,0.0,False,,,0.0,0.0,16.0,41.0,0.0,,1.0,1,0,,,False,,,both
7728.0,2022-10-17,4.0,1.0,0.0,16.0,42.0,0.0,1.0,0.0,,2.0,False,,,1.0,0.0,16.0,42.0,0.0,,1.0,1,1,,1.0,False,,,both
7728.0,2022-10-18,4.0,2.0,0.0,16.0,42.0,0.0,1.0,0.0,7,2.0,True,6,3.0,2.0,0.0,16.0,42.0,0.0,,1.0,1,1,7,1.0,True,6,3.0,both
7728.0,2022-10-19,4.0,3.0,0.0,16.0,42.0,0.0,1.0,0.0,,2.0,False,,,3.0,0.0,16.0,42.0,0.0,,1.0,1,1,,1.0,False,,,both
7728.0,2022-10-20,4.0,4.0,0.0,16.0,42.0,0.0,1.0,0.0,,2.0,False,,,4.0,0.0,16.0,42.0,0.0,,1.0,1,1,,1.0,False,,,both
7728.0,2022-10-21,4.0,5.0,0.0,16.0,42.0,1.0,1.0,1.0,,2.0,False,,,5.0,0.0,16.0,42.0,1.0,,1.0,1,1,,1.0,False,,,both
7728.0,2022-10-22,4.0,6.0,0.0,16.0,42.0,1.0,1.0,1.0,,2.0,False,,,6.0,0.0,16.0,42.0,1.0,3.0,1.0,1,1,,1.0,False,,,both
7728.0,2022-10-23,4.0,0.0,0.0,16.0,42.0,0.0,1.0,0.0,,2.0,False,,,0.0,0.0,16.0,42.0,0.0,3.0,1.0,1,1,,1.0,False,,,both
7732.0,2022-10-03,2.0,1.0,0.0,16.0,40.0,,,,,2.0,False,,,1.0,0.0,16.0,40.0,,,3.0,0,0,,,False,,,both
7732.0,2022-10-04,2.0,2.0,0.0,16.0,40.0,,,,4,2.0,True,5,0.0,2.0,0.0,16.0,40.0,,,3.0,0,0,4,,False,5,0.0,both
7732.0,2022-10-05,2.0,3.0,1.0,16.0,40.0,,,,,2.0,False,,,3.0,1.0,16.0,40.0,,,3.0,0,0,,,False,,,both
7732.0,2022-10-06,2.0,4.0,0.0,16.0,40.0,1.0,0.0,1.0,,2.0,False,,,4.0,0.0,16.0,40.0,1.0,,2.0,0,0,,,False,,,both
7732.0,2022-10-07,2.0,5.0,0.0,16.0,40.0,1.0,0.0,1.0,,2.0,False,,,5.0,0.0,16.0,40.0,1.0,,2.0,0,0,,,False,,,both
7732.0,2022-10-08,2.0,6.0,0.0,16.0,40.0,1.0,1.0,1.0,,2.0,False,,,6.0,0.0,16.0,40.0,1.0,,2.0,0,0,,,False,,,both
7732.0,2022-10-09,2.0,0.0,0.0,16.0,40.0,1.0,1.0,1.0,,2.0,False,,,0.0,0.0,16.0,40.0,1.0,,2.0,0,0,,,False,,,both
7732.0,2022-10-10,3.0,1.0,0.0,16.0,41.0,1.0,1.0,1.0,,6.0,False,,,1.0,0.0,16.0,41.0,1.0,,2.0,1,0,,,False,,,both
7732.0,2022-10-11,3.0,2.0,0.0,16.0,41.0,1.0,1.0,1.0,7,6.0,True,6,1.0,2.0,0.0,16.0,41.0,1.0,,2.0,1,0,7,,False,6,1.0,both
7732.0,2022-10-12,3.0,3.0,0.0,16.0,41.0,1.0,1.0,1.0,,6.0,False,,,3.0,0.0,16.0,41.0,1.0,,2.0,1,0,,,False,,,both
7732.0,2022-10-13,3.0,4.0,0.0,16.0,41.0,1.0,1.0,1.0,,6.0,False,,,4.0,0.0,16.0,41.0,1.0,,1.0,1,0,,,False,,,both
7732.0,2022-10-14,3.0,5.0,0.0,16.0,41.0,1.0,1.0,1.0,,6.0,False,,,5.0,0.0,16.0,41.0,1.0,,1.0,1,0,,,False,,,both
7732.0,2022-10-15,3.0,6.0,0.0,16.0,41.0,1.0,1.0,1.0,,6.0,False,,,6.0,0.0,16.0,41.0,1.0,,2.0,1,0,,,False,,,both
7732.0,2022-10-16,3.0,0.0,0.0,16.0,41.0,0.0,1.0,0.0,,6.0,False,,,0.0,0.0,16.0,41.0,0.0,,2.0,1,0,,,False,,,both
7732.0,2022-10-17,4.0,1.0,0.0,16.0,42.0,1.0,1.0,1.0,,5.0,False,,,1.0,0.0,16.0,42.0,1.0,,2.0,1,0,,,False,,,both
7732.0,2022-10-18,4.0,2.0,0.0,16.0,42.0,1.0,1.0,1.0,7,5.0,True,6,1.0,2.0,0.0,16.0,42.0,1.0,,1.0,1,0,7,,False,6,1.0,both
7732.0,2022-10-19,4.0,3.0,0.0,16.0,42.0,1.0,1.0,1.0,,5.0,False,,,3.0,0.0,16.0,42.0,1.0,,1.0,1,0,,,False,,,both
7732.0,2022-10-20,4.0,4.0,0.0,16.0,42.0,1.0,1.0,1.0,,5.0,False,,,4.0,0.0,16.0,42.0,1.0,,1.0,1,0,,,False,,,both
7732.0,2022-10-21,4.0,5.0,0.0,16.0,42.0,1.0,1.0,1.0,,5.0,False,,,5.0,0.0,16.0,42.0,1.0,,1.0,1,0,,,False,,,both
7732.0,2022-10-22,4.0,6.0,0.0,16.0,42.0,1.0,0.0,1.0,,5.0,False,,,6.0,0.0,16.0,42.0,1.0,,2.0,1,0,,,False,,,both
7732.0,2022-10-23,4.0,0.0,0.0,16.0,42.0,0.0,0.0,0.0,,5.0,False,,,0.0,0.0,16.0,42.0,0.0,,2.0,1,0,,,False,,,both
